"NM_MUNICIPIO";"NM_VOTAVEL";"QT_VOTOS"
"ANGRA DOS REIS";"ALVARO DIAS";"349"
"ANGRA DOS REIS";"BRANCO";"1729"
"ANGRA DOS REIS";"CABO DACIOLO";"1976"
"ANGRA DOS REIS";"CIRO GOMES";"8696"
"ANGRA DOS REIS";"EYMAEL";"32"
"ANGRA DOS REIS";"FERNANDO HADDAD";"9243"
"ANGRA DOS REIS";"GERALDO ALCKMIN";"1909"
"ANGRA DOS REIS";"GUILHERME BOULOS";"380"
"ANGRA DOS REIS";"HENRIQUE MEIRELLES";"565"
"ANGRA DOS REIS";"JAIR BOLSONARO";"65930"
"ANGRA DOS REIS";"JOÃO AMOÊDO";"998"
"ANGRA DOS REIS";"JOÃO GOULART FILHO";"12"
"ANGRA DOS REIS";"MARINA SILVA";"662"
"ANGRA DOS REIS";"NULO";"4035"
"ANGRA DOS REIS";"VERA";"34"
"APERIBÉ";"ALVARO DIAS";"34"
"APERIBÉ";"BRANCO";"89"
"APERIBÉ";"CABO DACIOLO";"79"
"APERIBÉ";"CIRO GOMES";"561"
"APERIBÉ";"EYMAEL";"5"
"APERIBÉ";"FERNANDO HADDAD";"790"
"APERIBÉ";"GERALDO ALCKMIN";"261"
"APERIBÉ";"GUILHERME BOULOS";"11"
"APERIBÉ";"HENRIQUE MEIRELLES";"68"
"APERIBÉ";"JAIR BOLSONARO";"4885"
"APERIBÉ";"JOÃO AMOÊDO";"96"
"APERIBÉ";"JOÃO GOULART FILHO";"3"
"APERIBÉ";"MARINA SILVA";"61"
"APERIBÉ";"NULO";"330"
"APERIBÉ";"VERA";"6"
"ARARUAMA";"ALVARO DIAS";"381"
"ARARUAMA";"BRANCO";"1429"
"ARARUAMA";"CABO DACIOLO";"1389"
"ARARUAMA";"CIRO GOMES";"6866"
"ARARUAMA";"EYMAEL";"31"
"ARARUAMA";"FERNANDO HADDAD";"5188"
"ARARUAMA";"GERALDO ALCKMIN";"1888"
"ARARUAMA";"GUILHERME BOULOS";"294"
"ARARUAMA";"HENRIQUE MEIRELLES";"598"
"ARARUAMA";"JAIR BOLSONARO";"48466"
"ARARUAMA";"JOÃO AMOÊDO";"540"
"ARARUAMA";"JOÃO GOULART FILHO";"8"
"ARARUAMA";"MARINA SILVA";"934"
"ARARUAMA";"NULO";"3552"
"ARARUAMA";"VERA";"33"
"AREAL";"ALVARO DIAS";"65"
"AREAL";"BRANCO";"144"
"AREAL";"CABO DACIOLO";"104"
"AREAL";"CIRO GOMES";"945"
"AREAL";"EYMAEL";"4"
"AREAL";"FERNANDO HADDAD";"778"
"AREAL";"GERALDO ALCKMIN";"470"
"AREAL";"GUILHERME BOULOS";"41"
"AREAL";"HENRIQUE MEIRELLES";"99"
"AREAL";"JAIR BOLSONARO";"4383"
"AREAL";"JOÃO AMOÊDO";"136"
"AREAL";"JOÃO GOULART FILHO";"3"
"AREAL";"MARINA SILVA";"123"
"AREAL";"NULO";"402"
"AREAL";"VERA";"4"
"ARMAÇÃO DOS BÚZIOS";"ALVARO DIAS";"100"
"ARMAÇÃO DOS BÚZIOS";"BRANCO";"332"
"ARMAÇÃO DOS BÚZIOS";"CABO DACIOLO";"632"
"ARMAÇÃO DOS BÚZIOS";"CIRO GOMES";"2732"
"ARMAÇÃO DOS BÚZIOS";"EYMAEL";"6"
"ARMAÇÃO DOS BÚZIOS";"FERNANDO HADDAD";"1525"
"ARMAÇÃO DOS BÚZIOS";"GERALDO ALCKMIN";"465"
"ARMAÇÃO DOS BÚZIOS";"GUILHERME BOULOS";"114"
"ARMAÇÃO DOS BÚZIOS";"HENRIQUE MEIRELLES";"136"
"ARMAÇÃO DOS BÚZIOS";"JAIR BOLSONARO";"14110"
"ARMAÇÃO DOS BÚZIOS";"JOÃO AMOÊDO";"249"
"ARMAÇÃO DOS BÚZIOS";"JOÃO GOULART FILHO";"5"
"ARMAÇÃO DOS BÚZIOS";"MARINA SILVA";"322"
"ARMAÇÃO DOS BÚZIOS";"NULO";"669"
"ARMAÇÃO DOS BÚZIOS";"VERA";"11"
"ARRAIAL DO CABO";"ALVARO DIAS";"107"
"ARRAIAL DO CABO";"BRANCO";"328"
"ARRAIAL DO CABO";"CABO DACIOLO";"458"
"ARRAIAL DO CABO";"CIRO GOMES";"2751"
"ARRAIAL DO CABO";"EYMAEL";"15"
"ARRAIAL DO CABO";"FERNANDO HADDAD";"1674"
"ARRAIAL DO CABO";"GERALDO ALCKMIN";"370"
"ARRAIAL DO CABO";"GUILHERME BOULOS";"91"
"ARRAIAL DO CABO";"HENRIQUE MEIRELLES";"143"
"ARRAIAL DO CABO";"JAIR BOLSONARO";"14497"
"ARRAIAL DO CABO";"JOÃO AMOÊDO";"229"
"ARRAIAL DO CABO";"JOÃO GOULART FILHO";"6"
"ARRAIAL DO CABO";"MARINA SILVA";"224"
"ARRAIAL DO CABO";"NULO";"697"
"ARRAIAL DO CABO";"VERA";"6"
"BARRA DO PIRAÍ";"ALVARO DIAS";"414"
"BARRA DO PIRAÍ";"BRANCO";"1292"
"BARRA DO PIRAÍ";"CABO DACIOLO";"1000"
"BARRA DO PIRAÍ";"CIRO GOMES";"6015"
"BARRA DO PIRAÍ";"EYMAEL";"38"
"BARRA DO PIRAÍ";"FERNANDO HADDAD";"6600"
"BARRA DO PIRAÍ";"GERALDO ALCKMIN";"1959"
"BARRA DO PIRAÍ";"GUILHERME BOULOS";"365"
"BARRA DO PIRAÍ";"HENRIQUE MEIRELLES";"720"
"BARRA DO PIRAÍ";"JAIR BOLSONARO";"31690"
"BARRA DO PIRAÍ";"JOÃO AMOÊDO";"805"
"BARRA DO PIRAÍ";"JOÃO GOULART FILHO";"21"
"BARRA DO PIRAÍ";"MARINA SILVA";"954"
"BARRA DO PIRAÍ";"NULO";"2638"
"BARRA DO PIRAÍ";"VERA";"44"
"BARRA MANSA";"ALVARO DIAS";"634"
"BARRA MANSA";"BRANCO";"2325"
"BARRA MANSA";"CABO DACIOLO";"2700"
"BARRA MANSA";"CIRO GOMES";"11661"
"BARRA MANSA";"EYMAEL";"80"
"BARRA MANSA";"FERNANDO HADDAD";"12972"
"BARRA MANSA";"GERALDO ALCKMIN";"2933"
"BARRA MANSA";"GUILHERME BOULOS";"536"
"BARRA MANSA";"HENRIQUE MEIRELLES";"873"
"BARRA MANSA";"JAIR BOLSONARO";"64750"
"BARRA MANSA";"JOÃO AMOÊDO";"1643"
"BARRA MANSA";"JOÃO GOULART FILHO";"20"
"BARRA MANSA";"MARINA SILVA";"1332"
"BARRA MANSA";"NULO";"5183"
"BARRA MANSA";"VERA";"64"
"BELFORD ROXO";"ALVARO DIAS";"868"
"BELFORD ROXO";"BRANCO";"6480"
"BELFORD ROXO";"CABO DACIOLO";"8534"
"BELFORD ROXO";"CIRO GOMES";"21452"
"BELFORD ROXO";"EYMAEL";"129"
"BELFORD ROXO";"FERNANDO HADDAD";"31035"
"BELFORD ROXO";"GERALDO ALCKMIN";"3986"
"BELFORD ROXO";"GUILHERME BOULOS";"900"
"BELFORD ROXO";"HENRIQUE MEIRELLES";"3544"
"BELFORD ROXO";"JAIR BOLSONARO";"160358"
"BELFORD ROXO";"JOÃO AMOÊDO";"1076"
"BELFORD ROXO";"JOÃO GOULART FILHO";"35"
"BELFORD ROXO";"MARINA SILVA";"3096"
"BELFORD ROXO";"NULO";"13077"
"BELFORD ROXO";"VERA";"153"
"BOM JARDIM";"ALVARO DIAS";"184"
"BOM JARDIM";"BRANCO";"453"
"BOM JARDIM";"CABO DACIOLO";"190"
"BOM JARDIM";"CIRO GOMES";"2128"
"BOM JARDIM";"EYMAEL";"8"
"BOM JARDIM";"FERNANDO HADDAD";"1399"
"BOM JARDIM";"GERALDO ALCKMIN";"812"
"BOM JARDIM";"GUILHERME BOULOS";"137"
"BOM JARDIM";"HENRIQUE MEIRELLES";"137"
"BOM JARDIM";"JAIR BOLSONARO";"9444"
"BOM JARDIM";"JOÃO AMOÊDO";"283"
"BOM JARDIM";"JOÃO GOULART FILHO";"5"
"BOM JARDIM";"MARINA SILVA";"122"
"BOM JARDIM";"NULO";"1341"
"BOM JARDIM";"VERA";"9"
"BOM JESUS DO ITABAPOANA";"ALVARO DIAS";"113"
"BOM JESUS DO ITABAPOANA";"BRANCO";"335"
"BOM JESUS DO ITABAPOANA";"CABO DACIOLO";"248"
"BOM JESUS DO ITABAPOANA";"CIRO GOMES";"1964"
"BOM JESUS DO ITABAPOANA";"EYMAEL";"4"
"BOM JESUS DO ITABAPOANA";"FERNANDO HADDAD";"3368"
"BOM JESUS DO ITABAPOANA";"GERALDO ALCKMIN";"871"
"BOM JESUS DO ITABAPOANA";"GUILHERME BOULOS";"103"
"BOM JESUS DO ITABAPOANA";"HENRIQUE MEIRELLES";"200"
"BOM JESUS DO ITABAPOANA";"JAIR BOLSONARO";"13671"
"BOM JESUS DO ITABAPOANA";"JOÃO AMOÊDO";"240"
"BOM JESUS DO ITABAPOANA";"JOÃO GOULART FILHO";"4"
"BOM JESUS DO ITABAPOANA";"MARINA SILVA";"172"
"BOM JESUS DO ITABAPOANA";"NULO";"970"
"BOM JESUS DO ITABAPOANA";"VERA";"16"
"CABO FRIO";"ALVARO DIAS";"559"
"CABO FRIO";"BRANCO";"1952"
"CABO FRIO";"CABO DACIOLO";"2621"
"CABO FRIO";"CIRO GOMES";"13478"
"CABO FRIO";"EYMAEL";"38"
"CABO FRIO";"FERNANDO HADDAD";"7217"
"CABO FRIO";"GERALDO ALCKMIN";"2544"
"CABO FRIO";"GUILHERME BOULOS";"566"
"CABO FRIO";"HENRIQUE MEIRELLES";"826"
"CABO FRIO";"JAIR BOLSONARO";"76270"
"CABO FRIO";"JOÃO AMOÊDO";"1104"
"CABO FRIO";"JOÃO GOULART FILHO";"31"
"CABO FRIO";"MARINA SILVA";"1983"
"CABO FRIO";"NULO";"4267"
"CABO FRIO";"VERA";"42"
"CACHOEIRAS DE MACACU";"ALVARO DIAS";"155"
"CACHOEIRAS DE MACACU";"BRANCO";"816"
"CACHOEIRAS DE MACACU";"CABO DACIOLO";"1162"
"CACHOEIRAS DE MACACU";"CIRO GOMES";"3515"
"CACHOEIRAS DE MACACU";"EYMAEL";"21"
"CACHOEIRAS DE MACACU";"FERNANDO HADDAD";"4283"
"CACHOEIRAS DE MACACU";"GERALDO ALCKMIN";"1023"
"CACHOEIRAS DE MACACU";"GUILHERME BOULOS";"135"
"CACHOEIRAS DE MACACU";"HENRIQUE MEIRELLES";"265"
"CACHOEIRAS DE MACACU";"JAIR BOLSONARO";"21148"
"CACHOEIRAS DE MACACU";"JOÃO AMOÊDO";"217"
"CACHOEIRAS DE MACACU";"JOÃO GOULART FILHO";"7"
"CACHOEIRAS DE MACACU";"MARINA SILVA";"365"
"CACHOEIRAS DE MACACU";"NULO";"1638"
"CACHOEIRAS DE MACACU";"VERA";"7"
"CAMBUCI";"ALVARO DIAS";"61"
"CAMBUCI";"BRANCO";"150"
"CAMBUCI";"CABO DACIOLO";"150"
"CAMBUCI";"CIRO GOMES";"935"
"CAMBUCI";"EYMAEL";"2"
"CAMBUCI";"FERNANDO HADDAD";"1566"
"CAMBUCI";"GERALDO ALCKMIN";"364"
"CAMBUCI";"GUILHERME BOULOS";"83"
"CAMBUCI";"HENRIQUE MEIRELLES";"44"
"CAMBUCI";"JAIR BOLSONARO";"5562"
"CAMBUCI";"JOÃO AMOÊDO";"99"
"CAMBUCI";"JOÃO GOULART FILHO";"3"
"CAMBUCI";"MARINA SILVA";"57"
"CAMBUCI";"NULO";"358"
"CAMBUCI";"VERA";"2"
"CAMPOS DOS GOYTACAZES";"ALVARO DIAS";"1954"
"CAMPOS DOS GOYTACAZES";"BRANCO";"7884"
"CAMPOS DOS GOYTACAZES";"CABO DACIOLO";"8459"
"CAMPOS DOS GOYTACAZES";"CIRO GOMES";"33042"
"CAMPOS DOS GOYTACAZES";"EYMAEL";"386"
"CAMPOS DOS GOYTACAZES";"FERNANDO HADDAD";"28248"
"CAMPOS DOS GOYTACAZES";"GERALDO ALCKMIN";"10855"
"CAMPOS DOS GOYTACAZES";"GUILHERME BOULOS";"1497"
"CAMPOS DOS GOYTACAZES";"HENRIQUE MEIRELLES";"2703"
"CAMPOS DOS GOYTACAZES";"JAIR BOLSONARO";"154859"
"CAMPOS DOS GOYTACAZES";"JOÃO AMOÊDO";"2460"
"CAMPOS DOS GOYTACAZES";"JOÃO GOULART FILHO";"116"
"CAMPOS DOS GOYTACAZES";"MARINA SILVA";"4725"
"CAMPOS DOS GOYTACAZES";"NULO";"18532"
"CAMPOS DOS GOYTACAZES";"VERA";"154"
"CANTAGALO";"ALVARO DIAS";"75"
"CANTAGALO";"BRANCO";"257"
"CANTAGALO";"CABO DACIOLO";"197"
"CANTAGALO";"CIRO GOMES";"1410"
"CANTAGALO";"EYMAEL";"11"
"CANTAGALO";"FERNANDO HADDAD";"1235"
"CANTAGALO";"GERALDO ALCKMIN";"603"
"CANTAGALO";"GUILHERME BOULOS";"49"
"CANTAGALO";"HENRIQUE MEIRELLES";"119"
"CANTAGALO";"JAIR BOLSONARO";"7194"
"CANTAGALO";"JOÃO AMOÊDO";"160"
"CANTAGALO";"JOÃO GOULART FILHO";"6"
"CANTAGALO";"MARINA SILVA";"103"
"CANTAGALO";"NULO";"822"
"CANTAGALO";"VERA";"5"
"CARAPEBUS";"ALVARO DIAS";"48"
"CARAPEBUS";"BRANCO";"167"
"CARAPEBUS";"CABO DACIOLO";"263"
"CARAPEBUS";"CIRO GOMES";"798"
"CARAPEBUS";"EYMAEL";"20"
"CARAPEBUS";"FERNANDO HADDAD";"1217"
"CARAPEBUS";"GERALDO ALCKMIN";"221"
"CARAPEBUS";"GUILHERME BOULOS";"25"
"CARAPEBUS";"HENRIQUE MEIRELLES";"66"
"CARAPEBUS";"JAIR BOLSONARO";"5646"
"CARAPEBUS";"JOÃO AMOÊDO";"69"
"CARAPEBUS";"MARINA SILVA";"69"
"CARAPEBUS";"NULO";"428"
"CARAPEBUS";"VERA";"3"
"CARDOSO MOREIRA";"ALVARO DIAS";"39"
"CARDOSO MOREIRA";"BRANCO";"123"
"CARDOSO MOREIRA";"CABO DACIOLO";"166"
"CARDOSO MOREIRA";"CIRO GOMES";"864"
"CARDOSO MOREIRA";"EYMAEL";"7"
"CARDOSO MOREIRA";"FERNANDO HADDAD";"1201"
"CARDOSO MOREIRA";"GERALDO ALCKMIN";"306"
"CARDOSO MOREIRA";"GUILHERME BOULOS";"26"
"CARDOSO MOREIRA";"HENRIQUE MEIRELLES";"73"
"CARDOSO MOREIRA";"JAIR BOLSONARO";"5344"
"CARDOSO MOREIRA";"JOÃO AMOÊDO";"21"
"CARDOSO MOREIRA";"JOÃO GOULART FILHO";"4"
"CARDOSO MOREIRA";"MARINA SILVA";"52"
"CARDOSO MOREIRA";"NULO";"414"
"CARDOSO MOREIRA";"VERA";"6"
"CARMO";"ALVARO DIAS";"64"
"CARMO";"BRANCO";"178"
"CARMO";"CABO DACIOLO";"117"
"CARMO";"CIRO GOMES";"1152"
"CARMO";"EYMAEL";"6"
"CARMO";"FERNANDO HADDAD";"2210"
"CARMO";"GERALDO ALCKMIN";"308"
"CARMO";"GUILHERME BOULOS";"49"
"CARMO";"HENRIQUE MEIRELLES";"109"
"CARMO";"JAIR BOLSONARO";"6078"
"CARMO";"JOÃO AMOÊDO";"217"
"CARMO";"JOÃO GOULART FILHO";"3"
"CARMO";"MARINA SILVA";"74"
"CARMO";"NULO";"605"
"CARMO";"VERA";"7"
"CASIMIRO DE ABREU";"ALVARO DIAS";"101"
"CASIMIRO DE ABREU";"BRANCO";"392"
"CASIMIRO DE ABREU";"CABO DACIOLO";"467"
"CASIMIRO DE ABREU";"CIRO GOMES";"2366"
"CASIMIRO DE ABREU";"EYMAEL";"28"
"CASIMIRO DE ABREU";"FERNANDO HADDAD";"1827"
"CASIMIRO DE ABREU";"GERALDO ALCKMIN";"562"
"CASIMIRO DE ABREU";"GUILHERME BOULOS";"127"
"CASIMIRO DE ABREU";"HENRIQUE MEIRELLES";"146"
"CASIMIRO DE ABREU";"JAIR BOLSONARO";"16208"
"CASIMIRO DE ABREU";"JOÃO AMOÊDO";"275"
"CASIMIRO DE ABREU";"JOÃO GOULART FILHO";"4"
"CASIMIRO DE ABREU";"MARINA SILVA";"305"
"CASIMIRO DE ABREU";"NULO";"1059"
"CASIMIRO DE ABREU";"VERA";"15"
"COMENDADOR LEVY GASPARIAN";"ALVARO DIAS";"47"
"COMENDADOR LEVY GASPARIAN";"BRANCO";"112"
"COMENDADOR LEVY GASPARIAN";"CABO DACIOLO";"157"
"COMENDADOR LEVY GASPARIAN";"CIRO GOMES";"865"
"COMENDADOR LEVY GASPARIAN";"EYMAEL";"5"
"COMENDADOR LEVY GASPARIAN";"FERNANDO HADDAD";"1261"
"COMENDADOR LEVY GASPARIAN";"GERALDO ALCKMIN";"211"
"COMENDADOR LEVY GASPARIAN";"GUILHERME BOULOS";"46"
"COMENDADOR LEVY GASPARIAN";"HENRIQUE MEIRELLES";"73"
"COMENDADOR LEVY GASPARIAN";"JAIR BOLSONARO";"3003"
"COMENDADOR LEVY GASPARIAN";"JOÃO AMOÊDO";"82"
"COMENDADOR LEVY GASPARIAN";"MARINA SILVA";"70"
"COMENDADOR LEVY GASPARIAN";"NULO";"323"
"COMENDADOR LEVY GASPARIAN";"VERA";"2"
"CONCEIÇÃO DE MACABU";"ALVARO DIAS";"74"
"CONCEIÇÃO DE MACABU";"BRANCO";"316"
"CONCEIÇÃO DE MACABU";"CABO DACIOLO";"341"
"CONCEIÇÃO DE MACABU";"CIRO GOMES";"1743"
"CONCEIÇÃO DE MACABU";"EYMAEL";"12"
"CONCEIÇÃO DE MACABU";"FERNANDO HADDAD";"1895"
"CONCEIÇÃO DE MACABU";"GERALDO ALCKMIN";"423"
"CONCEIÇÃO DE MACABU";"GUILHERME BOULOS";"52"
"CONCEIÇÃO DE MACABU";"HENRIQUE MEIRELLES";"72"
"CONCEIÇÃO DE MACABU";"JAIR BOLSONARO";"6997"
"CONCEIÇÃO DE MACABU";"JOÃO AMOÊDO";"165"
"CONCEIÇÃO DE MACABU";"JOÃO GOULART FILHO";"7"
"CONCEIÇÃO DE MACABU";"MARINA SILVA";"112"
"CONCEIÇÃO DE MACABU";"NULO";"717"
"CONCEIÇÃO DE MACABU";"VERA";"4"
"CORDEIRO";"ALVARO DIAS";"51"
"CORDEIRO";"BRANCO";"238"
"CORDEIRO";"CABO DACIOLO";"208"
"CORDEIRO";"CIRO GOMES";"1804"
"CORDEIRO";"EYMAEL";"8"
"CORDEIRO";"FERNANDO HADDAD";"1235"
"CORDEIRO";"GERALDO ALCKMIN";"374"
"CORDEIRO";"GUILHERME BOULOS";"50"
"CORDEIRO";"HENRIQUE MEIRELLES";"109"
"CORDEIRO";"JAIR BOLSONARO";"7706"
"CORDEIRO";"JOÃO AMOÊDO";"169"
"CORDEIRO";"JOÃO GOULART FILHO";"2"
"CORDEIRO";"MARINA SILVA";"95"
"CORDEIRO";"NULO";"801"
"CORDEIRO";"VERA";"3"
"DUAS BARRAS";"ALVARO DIAS";"38"
"DUAS BARRAS";"BRANCO";"153"
"DUAS BARRAS";"CABO DACIOLO";"80"
"DUAS BARRAS";"CIRO GOMES";"955"
"DUAS BARRAS";"EYMAEL";"4"
"DUAS BARRAS";"FERNANDO HADDAD";"1018"
"DUAS BARRAS";"GERALDO ALCKMIN";"338"
"DUAS BARRAS";"GUILHERME BOULOS";"25"
"DUAS BARRAS";"HENRIQUE MEIRELLES";"104"
"DUAS BARRAS";"JAIR BOLSONARO";"4205"
"DUAS BARRAS";"JOÃO AMOÊDO";"105"
"DUAS BARRAS";"JOÃO GOULART FILHO";"3"
"DUAS BARRAS";"MARINA SILVA";"39"
"DUAS BARRAS";"NULO";"510"
"DUAS BARRAS";"VERA";"6"
"DUQUE DE CAXIAS";"ALVARO DIAS";"1932"
"DUQUE DE CAXIAS";"BRANCO";"11982"
"DUQUE DE CAXIAS";"CABO DACIOLO";"16136"
"DUQUE DE CAXIAS";"CIRO GOMES";"50959"
"DUQUE DE CAXIAS";"EYMAEL";"338"
"DUQUE DE CAXIAS";"FERNANDO HADDAD";"54253"
"DUQUE DE CAXIAS";"GERALDO ALCKMIN";"9348"
"DUQUE DE CAXIAS";"GUILHERME BOULOS";"2396"
"DUQUE DE CAXIAS";"HENRIQUE MEIRELLES";"4168"
"DUQUE DE CAXIAS";"JAIR BOLSONARO";"314724"
"DUQUE DE CAXIAS";"JOÃO AMOÊDO";"3097"
"DUQUE DE CAXIAS";"JOÃO GOULART FILHO";"110"
"DUQUE DE CAXIAS";"MARINA SILVA";"6257"
"DUQUE DE CAXIAS";"NULO";"27653"
"DUQUE DE CAXIAS";"VERA";"335"
"ENGENHEIRO PAULO DE FRONTIN";"ALVARO DIAS";"38"
"ENGENHEIRO PAULO DE FRONTIN";"BRANCO";"148"
"ENGENHEIRO PAULO DE FRONTIN";"CABO DACIOLO";"190"
"ENGENHEIRO PAULO DE FRONTIN";"CIRO GOMES";"1070"
"ENGENHEIRO PAULO DE FRONTIN";"EYMAEL";"4"
"ENGENHEIRO PAULO DE FRONTIN";"FERNANDO HADDAD";"1027"
"ENGENHEIRO PAULO DE FRONTIN";"GERALDO ALCKMIN";"405"
"ENGENHEIRO PAULO DE FRONTIN";"GUILHERME BOULOS";"26"
"ENGENHEIRO PAULO DE FRONTIN";"HENRIQUE MEIRELLES";"114"
"ENGENHEIRO PAULO DE FRONTIN";"JAIR BOLSONARO";"4970"
"ENGENHEIRO PAULO DE FRONTIN";"JOÃO AMOÊDO";"86"
"ENGENHEIRO PAULO DE FRONTIN";"JOÃO GOULART FILHO";"3"
"ENGENHEIRO PAULO DE FRONTIN";"MARINA SILVA";"122"
"ENGENHEIRO PAULO DE FRONTIN";"NULO";"396"
"ENGENHEIRO PAULO DE FRONTIN";"VERA";"7"
"GUAPIMIRIM";"ALVARO DIAS";"165"
"GUAPIMIRIM";"BRANCO";"621"
"GUAPIMIRIM";"CABO DACIOLO";"996"
"GUAPIMIRIM";"CIRO GOMES";"2454"
"GUAPIMIRIM";"EYMAEL";"19"
"GUAPIMIRIM";"FERNANDO HADDAD";"4105"
"GUAPIMIRIM";"GERALDO ALCKMIN";"815"
"GUAPIMIRIM";"GUILHERME BOULOS";"103"
"GUAPIMIRIM";"HENRIQUE MEIRELLES";"331"
"GUAPIMIRIM";"JAIR BOLSONARO";"19034"
"GUAPIMIRIM";"JOÃO AMOÊDO";"231"
"GUAPIMIRIM";"JOÃO GOULART FILHO";"4"
"GUAPIMIRIM";"MARINA SILVA";"440"
"GUAPIMIRIM";"NULO";"1166"
"GUAPIMIRIM";"VERA";"20"
"IGUABA GRANDE";"ALVARO DIAS";"94"
"IGUABA GRANDE";"BRANCO";"216"
"IGUABA GRANDE";"CABO DACIOLO";"299"
"IGUABA GRANDE";"CIRO GOMES";"1572"
"IGUABA GRANDE";"EYMAEL";"5"
"IGUABA GRANDE";"FERNANDO HADDAD";"1102"
"IGUABA GRANDE";"GERALDO ALCKMIN";"402"
"IGUABA GRANDE";"GUILHERME BOULOS";"65"
"IGUABA GRANDE";"HENRIQUE MEIRELLES";"110"
"IGUABA GRANDE";"JAIR BOLSONARO";"12305"
"IGUABA GRANDE";"JOÃO AMOÊDO";"117"
"IGUABA GRANDE";"JOÃO GOULART FILHO";"8"
"IGUABA GRANDE";"MARINA SILVA";"205"
"IGUABA GRANDE";"NULO";"538"
"IGUABA GRANDE";"VERA";"13"
"ITABORAÍ";"ALVARO DIAS";"662"
"ITABORAÍ";"BRANCO";"3183"
"ITABORAÍ";"CABO DACIOLO";"4947"
"ITABORAÍ";"CIRO GOMES";"11986"
"ITABORAÍ";"EYMAEL";"92"
"ITABORAÍ";"FERNANDO HADDAD";"18222"
"ITABORAÍ";"GERALDO ALCKMIN";"2946"
"ITABORAÍ";"GUILHERME BOULOS";"545"
"ITABORAÍ";"HENRIQUE MEIRELLES";"1046"
"ITABORAÍ";"JAIR BOLSONARO";"80015"
"ITABORAÍ";"JOÃO AMOÊDO";"698"
"ITABORAÍ";"JOÃO GOULART FILHO";"22"
"ITABORAÍ";"MARINA SILVA";"1690"
"ITABORAÍ";"NULO";"6280"
"ITABORAÍ";"VERA";"72"
"ITAGUAÍ";"ALVARO DIAS";"233"
"ITAGUAÍ";"BRANCO";"1495"
"ITAGUAÍ";"CABO DACIOLO";"2379"
"ITAGUAÍ";"CIRO GOMES";"6036"
"ITAGUAÍ";"EYMAEL";"19"
"ITAGUAÍ";"FERNANDO HADDAD";"6427"
"ITAGUAÍ";"GERALDO ALCKMIN";"1460"
"ITAGUAÍ";"GUILHERME BOULOS";"235"
"ITAGUAÍ";"HENRIQUE MEIRELLES";"589"
"ITAGUAÍ";"JAIR BOLSONARO";"47212"
"ITAGUAÍ";"JOÃO AMOÊDO";"467"
"ITAGUAÍ";"JOÃO GOULART FILHO";"16"
"ITAGUAÍ";"MARINA SILVA";"747"
"ITAGUAÍ";"NULO";"3101"
"ITAGUAÍ";"VERA";"28"
"ITALVA";"ALVARO DIAS";"41"
"ITALVA";"BRANCO";"106"
"ITALVA";"CABO DACIOLO";"110"
"ITALVA";"CIRO GOMES";"616"
"ITALVA";"EYMAEL";"4"
"ITALVA";"FERNANDO HADDAD";"939"
"ITALVA";"GERALDO ALCKMIN";"239"
"ITALVA";"GUILHERME BOULOS";"24"
"ITALVA";"HENRIQUE MEIRELLES";"79"
"ITALVA";"JAIR BOLSONARO";"5947"
"ITALVA";"JOÃO AMOÊDO";"50"
"ITALVA";"JOÃO GOULART FILHO";"1"
"ITALVA";"MARINA SILVA";"38"
"ITALVA";"NULO";"374"
"ITALVA";"VERA";"3"
"ITAOCARA";"ALVARO DIAS";"76"
"ITAOCARA";"BRANCO";"277"
"ITAOCARA";"CABO DACIOLO";"133"
"ITAOCARA";"CIRO GOMES";"1438"
"ITAOCARA";"EYMAEL";"11"
"ITAOCARA";"FERNANDO HADDAD";"1164"
"ITAOCARA";"GERALDO ALCKMIN";"507"
"ITAOCARA";"GUILHERME BOULOS";"79"
"ITAOCARA";"HENRIQUE MEIRELLES";"87"
"ITAOCARA";"JAIR BOLSONARO";"10197"
"ITAOCARA";"JOÃO AMOÊDO";"147"
"ITAOCARA";"JOÃO GOULART FILHO";"3"
"ITAOCARA";"MARINA SILVA";"94"
"ITAOCARA";"NULO";"849"
"ITAOCARA";"VERA";"8"
"ITAPERUNA";"ALVARO DIAS";"300"
"ITAPERUNA";"BRANCO";"1026"
"ITAPERUNA";"CABO DACIOLO";"796"
"ITAPERUNA";"CIRO GOMES";"4684"
"ITAPERUNA";"EYMAEL";"15"
"ITAPERUNA";"FERNANDO HADDAD";"5746"
"ITAPERUNA";"GERALDO ALCKMIN";"1701"
"ITAPERUNA";"GUILHERME BOULOS";"184"
"ITAPERUNA";"HENRIQUE MEIRELLES";"467"
"ITAPERUNA";"JAIR BOLSONARO";"38402"
"ITAPERUNA";"JOÃO AMOÊDO";"666"
"ITAPERUNA";"JOÃO GOULART FILHO";"13"
"ITAPERUNA";"MARINA SILVA";"491"
"ITAPERUNA";"NULO";"2192"
"ITAPERUNA";"VERA";"23"
"ITATIAIA";"ALVARO DIAS";"126"
"ITATIAIA";"BRANCO";"326"
"ITATIAIA";"CABO DACIOLO";"307"
"ITATIAIA";"CIRO GOMES";"1953"
"ITATIAIA";"EYMAEL";"7"
"ITATIAIA";"FERNANDO HADDAD";"2070"
"ITATIAIA";"GERALDO ALCKMIN";"840"
"ITATIAIA";"GUILHERME BOULOS";"100"
"ITATIAIA";"HENRIQUE MEIRELLES";"195"
"ITATIAIA";"JAIR BOLSONARO";"12005"
"ITATIAIA";"JOÃO AMOÊDO";"318"
"ITATIAIA";"JOÃO GOULART FILHO";"5"
"ITATIAIA";"MARINA SILVA";"225"
"ITATIAIA";"NULO";"626"
"ITATIAIA";"VERA";"10"
"JAPERI";"ALVARO DIAS";"177"
"JAPERI";"BRANCO";"1452"
"JAPERI";"CABO DACIOLO";"1896"
"JAPERI";"CIRO GOMES";"4339"
"JAPERI";"EYMAEL";"36"
"JAPERI";"FERNANDO HADDAD";"7857"
"JAPERI";"GERALDO ALCKMIN";"1195"
"JAPERI";"GUILHERME BOULOS";"221"
"JAPERI";"HENRIQUE MEIRELLES";"661"
"JAPERI";"JAIR BOLSONARO";"34407"
"JAPERI";"JOÃO AMOÊDO";"156"
"JAPERI";"JOÃO GOULART FILHO";"15"
"JAPERI";"MARINA SILVA";"733"
"JAPERI";"NULO";"2645"
"JAPERI";"VERA";"33"
"LAJE DO MURIAÉ";"ALVARO DIAS";"32"
"LAJE DO MURIAÉ";"BRANCO";"95"
"LAJE DO MURIAÉ";"CABO DACIOLO";"107"
"LAJE DO MURIAÉ";"CIRO GOMES";"593"
"LAJE DO MURIAÉ";"EYMAEL";"1"
"LAJE DO MURIAÉ";"FERNANDO HADDAD";"1324"
"LAJE DO MURIAÉ";"GERALDO ALCKMIN";"238"
"LAJE DO MURIAÉ";"GUILHERME BOULOS";"30"
"LAJE DO MURIAÉ";"HENRIQUE MEIRELLES";"43"
"LAJE DO MURIAÉ";"JAIR BOLSONARO";"2767"
"LAJE DO MURIAÉ";"JOÃO AMOÊDO";"45"
"LAJE DO MURIAÉ";"MARINA SILVA";"36"
"LAJE DO MURIAÉ";"NULO";"283"
"LAJE DO MURIAÉ";"VERA";"3"
"MACAÉ";"ALVARO DIAS";"600"
"MACAÉ";"BRANCO";"2728"
"MACAÉ";"CABO DACIOLO";"3681"
"MACAÉ";"CIRO GOMES";"16703"
"MACAÉ";"EYMAEL";"78"
"MACAÉ";"FERNANDO HADDAD";"13405"
"MACAÉ";"GERALDO ALCKMIN";"2325"
"MACAÉ";"GUILHERME BOULOS";"662"
"MACAÉ";"HENRIQUE MEIRELLES";"789"
"MACAÉ";"JAIR BOLSONARO";"69712"
"MACAÉ";"JOÃO AMOÊDO";"2040"
"MACAÉ";"JOÃO GOULART FILHO";"25"
"MACAÉ";"MARINA SILVA";"1748"
"MACAÉ";"NULO";"5355"
"MACAÉ";"VERA";"81"
"MACUCO";"ALVARO DIAS";"33"
"MACUCO";"BRANCO";"82"
"MACUCO";"CABO DACIOLO";"86"
"MACUCO";"CIRO GOMES";"893"
"MACUCO";"EYMAEL";"3"
"MACUCO";"FERNANDO HADDAD";"857"
"MACUCO";"GERALDO ALCKMIN";"120"
"MACUCO";"GUILHERME BOULOS";"25"
"MACUCO";"HENRIQUE MEIRELLES";"35"
"MACUCO";"JAIR BOLSONARO";"3136"
"MACUCO";"JOÃO AMOÊDO";"60"
"MACUCO";"JOÃO GOULART FILHO";"2"
"MACUCO";"MARINA SILVA";"45"
"MACUCO";"NULO";"286"
"MACUCO";"VERA";"1"
"MAGÉ";"ALVARO DIAS";"543"
"MAGÉ";"BRANCO";"3074"
"MAGÉ";"CABO DACIOLO";"4291"
"MAGÉ";"CIRO GOMES";"12031"
"MAGÉ";"EYMAEL";"68"
"MAGÉ";"FERNANDO HADDAD";"17031"
"MAGÉ";"GERALDO ALCKMIN";"2878"
"MAGÉ";"GUILHERME BOULOS";"536"
"MAGÉ";"HENRIQUE MEIRELLES";"1110"
"MAGÉ";"JAIR BOLSONARO";"87528"
"MAGÉ";"JOÃO AMOÊDO";"788"
"MAGÉ";"JOÃO GOULART FILHO";"42"
"MAGÉ";"MARINA SILVA";"1843"
"MAGÉ";"NULO";"6611"
"MAGÉ";"VERA";"60"
"MANGARATIBA";"ALVARO DIAS";"100"
"MANGARATIBA";"BRANCO";"428"
"MANGARATIBA";"CABO DACIOLO";"486"
"MANGARATIBA";"CIRO GOMES";"2610"
"MANGARATIBA";"EYMAEL";"7"
"MANGARATIBA";"FERNANDO HADDAD";"2118"
"MANGARATIBA";"GERALDO ALCKMIN";"493"
"MANGARATIBA";"GUILHERME BOULOS";"137"
"MANGARATIBA";"HENRIQUE MEIRELLES";"187"
"MANGARATIBA";"JAIR BOLSONARO";"19050"
"MANGARATIBA";"JOÃO AMOÊDO";"230"
"MANGARATIBA";"JOÃO GOULART FILHO";"5"
"MANGARATIBA";"MARINA SILVA";"347"
"MANGARATIBA";"NULO";"897"
"MANGARATIBA";"VERA";"14"
"MARICÁ";"ALVARO DIAS";"408"
"MARICÁ";"BRANCO";"1324"
"MARICÁ";"CABO DACIOLO";"1488"
"MARICÁ";"CIRO GOMES";"7930"
"MARICÁ";"EYMAEL";"30"
"MARICÁ";"FERNANDO HADDAD";"13624"
"MARICÁ";"GERALDO ALCKMIN";"1211"
"MARICÁ";"GUILHERME BOULOS";"374"
"MARICÁ";"HENRIQUE MEIRELLES";"498"
"MARICÁ";"JAIR BOLSONARO";"52597"
"MARICÁ";"JOÃO AMOÊDO";"787"
"MARICÁ";"JOÃO GOULART FILHO";"50"
"MARICÁ";"MARINA SILVA";"952"
"MARICÁ";"NULO";"2508"
"MARICÁ";"VERA";"37"
"MENDES";"ALVARO DIAS";"67"
"MENDES";"BRANCO";"237"
"MENDES";"CABO DACIOLO";"219"
"MENDES";"CIRO GOMES";"1537"
"MENDES";"EYMAEL";"9"
"MENDES";"FERNANDO HADDAD";"1321"
"MENDES";"GERALDO ALCKMIN";"438"
"MENDES";"GUILHERME BOULOS";"77"
"MENDES";"HENRIQUE MEIRELLES";"120"
"MENDES";"JAIR BOLSONARO";"6729"
"MENDES";"JOÃO AMOÊDO";"144"
"MENDES";"JOÃO GOULART FILHO";"14"
"MENDES";"MARINA SILVA";"222"
"MENDES";"NULO";"647"
"MENDES";"VERA";"8"
"MESQUITA";"ALVARO DIAS";"325"
"MESQUITA";"BRANCO";"2027"
"MESQUITA";"CABO DACIOLO";"2998"
"MESQUITA";"CIRO GOMES";"11089"
"MESQUITA";"EYMAEL";"37"
"MESQUITA";"FERNANDO HADDAD";"10046"
"MESQUITA";"GERALDO ALCKMIN";"1698"
"MESQUITA";"GUILHERME BOULOS";"419"
"MESQUITA";"HENRIQUE MEIRELLES";"895"
"MESQUITA";"JAIR BOLSONARO";"70011"
"MESQUITA";"JOÃO AMOÊDO";"661"
"MESQUITA";"JOÃO GOULART FILHO";"31"
"MESQUITA";"MARINA SILVA";"1297"
"MESQUITA";"NULO";"4410"
"MESQUITA";"VERA";"62"
"MIGUEL PEREIRA";"ALVARO DIAS";"74"
"MIGUEL PEREIRA";"BRANCO";"286"
"MIGUEL PEREIRA";"CABO DACIOLO";"240"
"MIGUEL PEREIRA";"CIRO GOMES";"2329"
"MIGUEL PEREIRA";"EYMAEL";"19"
"MIGUEL PEREIRA";"FERNANDO HADDAD";"1482"
"MIGUEL PEREIRA";"GERALDO ALCKMIN";"625"
"MIGUEL PEREIRA";"GUILHERME BOULOS";"150"
"MIGUEL PEREIRA";"HENRIQUE MEIRELLES";"134"
"MIGUEL PEREIRA";"JAIR BOLSONARO";"10801"
"MIGUEL PEREIRA";"JOÃO AMOÊDO";"175"
"MIGUEL PEREIRA";"JOÃO GOULART FILHO";"12"
"MIGUEL PEREIRA";"MARINA SILVA";"297"
"MIGUEL PEREIRA";"NULO";"761"
"MIGUEL PEREIRA";"VERA";"10"
"MIRACEMA";"ALVARO DIAS";"92"
"MIRACEMA";"BRANCO";"323"
"MIRACEMA";"CABO DACIOLO";"215"
"MIRACEMA";"CIRO GOMES";"1723"
"MIRACEMA";"EYMAEL";"3"
"MIRACEMA";"FERNANDO HADDAD";"2979"
"MIRACEMA";"GERALDO ALCKMIN";"395"
"MIRACEMA";"GUILHERME BOULOS";"54"
"MIRACEMA";"HENRIQUE MEIRELLES";"171"
"MIRACEMA";"JAIR BOLSONARO";"9177"
"MIRACEMA";"JOÃO AMOÊDO";"123"
"MIRACEMA";"JOÃO GOULART FILHO";"4"
"MIRACEMA";"MARINA SILVA";"119"
"MIRACEMA";"NULO";"930"
"MIRACEMA";"VERA";"7"
"NATIVIDADE";"ALVARO DIAS";"66"
"NATIVIDADE";"BRANCO";"141"
"NATIVIDADE";"CABO DACIOLO";"138"
"NATIVIDADE";"CIRO GOMES";"1307"
"NATIVIDADE";"EYMAEL";"9"
"NATIVIDADE";"FERNANDO HADDAD";"1208"
"NATIVIDADE";"GERALDO ALCKMIN";"370"
"NATIVIDADE";"GUILHERME BOULOS";"30"
"NATIVIDADE";"HENRIQUE MEIRELLES";"73"
"NATIVIDADE";"JAIR BOLSONARO";"5385"
"NATIVIDADE";"JOÃO AMOÊDO";"157"
"NATIVIDADE";"JOÃO GOULART FILHO";"1"
"NATIVIDADE";"MARINA SILVA";"69"
"NATIVIDADE";"NULO";"561"
"NATIVIDADE";"VERA";"3"
"NILÓPOLIS";"ALVARO DIAS";"350"
"NILÓPOLIS";"BRANCO";"1908"
"NILÓPOLIS";"CABO DACIOLO";"2800"
"NILÓPOLIS";"CIRO GOMES";"12921"
"NILÓPOLIS";"EYMAEL";"29"
"NILÓPOLIS";"FERNANDO HADDAD";"8655"
"NILÓPOLIS";"GERALDO ALCKMIN";"1382"
"NILÓPOLIS";"GUILHERME BOULOS";"557"
"NILÓPOLIS";"HENRIQUE MEIRELLES";"732"
"NILÓPOLIS";"JAIR BOLSONARO";"70159"
"NILÓPOLIS";"JOÃO AMOÊDO";"856"
"NILÓPOLIS";"JOÃO GOULART FILHO";"37"
"NILÓPOLIS";"MARINA SILVA";"1443"
"NILÓPOLIS";"NULO";"4173"
"NILÓPOLIS";"VERA";"74"
"NITERÓI";"ALVARO DIAS";"1497"
"NITERÓI";"BRANCO";"5149"
"NITERÓI";"CABO DACIOLO";"4984"
"NITERÓI";"CIRO GOMES";"62372"
"NITERÓI";"EYMAEL";"102"
"NITERÓI";"FERNANDO HADDAD";"29529"
"NITERÓI";"GERALDO ALCKMIN";"6197"
"NITERÓI";"GUILHERME BOULOS";"2913"
"NITERÓI";"HENRIQUE MEIRELLES";"2175"
"NITERÓI";"JAIR BOLSONARO";"176288"
"NITERÓI";"JOÃO AMOÊDO";"8876"
"NITERÓI";"JOÃO GOULART FILHO";"118"
"NITERÓI";"MARINA SILVA";"5109"
"NITERÓI";"NULO";"11075"
"NITERÓI";"VERA";"225"
"NOVA FRIBURGO";"ALVARO DIAS";"615"
"NOVA FRIBURGO";"BRANCO";"2797"
"NOVA FRIBURGO";"CABO DACIOLO";"1518"
"NOVA FRIBURGO";"CIRO GOMES";"16254"
"NOVA FRIBURGO";"EYMAEL";"82"
"NOVA FRIBURGO";"FERNANDO HADDAD";"7204"
"NOVA FRIBURGO";"GERALDO ALCKMIN";"3390"
"NOVA FRIBURGO";"GUILHERME BOULOS";"1015"
"NOVA FRIBURGO";"HENRIQUE MEIRELLES";"727"
"NOVA FRIBURGO";"JAIR BOLSONARO";"70805"
"NOVA FRIBURGO";"JOÃO AMOÊDO";"2259"
"NOVA FRIBURGO";"JOÃO GOULART FILHO";"31"
"NOVA FRIBURGO";"MARINA SILVA";"1189"
"NOVA FRIBURGO";"NULO";"7097"
"NOVA FRIBURGO";"VERA";"111"
"NOVA IGUAÇU";"ALVARO DIAS";"1471"
"NOVA IGUAÇU";"BRANCO";"10935"
"NOVA IGUAÇU";"CABO DACIOLO";"12779"
"NOVA IGUAÇU";"CIRO GOMES";"45069"
"NOVA IGUAÇU";"EYMAEL";"159"
"NOVA IGUAÇU";"FERNANDO HADDAD";"42421"
"NOVA IGUAÇU";"GERALDO ALCKMIN";"8004"
"NOVA IGUAÇU";"GUILHERME BOULOS";"1833"
"NOVA IGUAÇU";"HENRIQUE MEIRELLES";"4205"
"NOVA IGUAÇU";"JAIR BOLSONARO";"299933"
"NOVA IGUAÇU";"JOÃO AMOÊDO";"3009"
"NOVA IGUAÇU";"JOÃO GOULART FILHO";"138"
"NOVA IGUAÇU";"MARINA SILVA";"6011"
"NOVA IGUAÇU";"NULO";"23365"
"NOVA IGUAÇU";"VERA";"272"
"PARACAMBI";"ALVARO DIAS";"92"
"PARACAMBI";"BRANCO";"489"
"PARACAMBI";"CABO DACIOLO";"656"
"PARACAMBI";"CIRO GOMES";"3453"
"PARACAMBI";"EYMAEL";"8"
"PARACAMBI";"FERNANDO HADDAD";"2487"
"PARACAMBI";"GERALDO ALCKMIN";"703"
"PARACAMBI";"GUILHERME BOULOS";"103"
"PARACAMBI";"HENRIQUE MEIRELLES";"203"
"PARACAMBI";"JAIR BOLSONARO";"16808"
"PARACAMBI";"JOÃO AMOÊDO";"188"
"PARACAMBI";"JOÃO GOULART FILHO";"6"
"PARACAMBI";"MARINA SILVA";"339"
"PARACAMBI";"NULO";"1127"
"PARACAMBI";"VERA";"14"
"PARATY";"ALVARO DIAS";"86"
"PARATY";"BRANCO";"438"
"PARATY";"CABO DACIOLO";"354"
"PARATY";"CIRO GOMES";"2657"
"PARATY";"EYMAEL";"8"
"PARATY";"FERNANDO HADDAD";"1920"
"PARATY";"GERALDO ALCKMIN";"925"
"PARATY";"GUILHERME BOULOS";"165"
"PARATY";"HENRIQUE MEIRELLES";"165"
"PARATY";"JAIR BOLSONARO";"13397"
"PARATY";"JOÃO AMOÊDO";"437"
"PARATY";"JOÃO GOULART FILHO";"4"
"PARATY";"MARINA SILVA";"180"
"PARATY";"NULO";"931"
"PARATY";"VERA";"10"
"PARAÍBA DO SUL";"ALVARO DIAS";"124"
"PARAÍBA DO SUL";"BRANCO";"587"
"PARAÍBA DO SUL";"CABO DACIOLO";"399"
"PARAÍBA DO SUL";"CIRO GOMES";"3263"
"PARAÍBA DO SUL";"EYMAEL";"10"
"PARAÍBA DO SUL";"FERNANDO HADDAD";"2472"
"PARAÍBA DO SUL";"GERALDO ALCKMIN";"1237"
"PARAÍBA DO SUL";"GUILHERME BOULOS";"178"
"PARAÍBA DO SUL";"HENRIQUE MEIRELLES";"374"
"PARAÍBA DO SUL";"JAIR BOLSONARO";"14630"
"PARAÍBA DO SUL";"JOÃO AMOÊDO";"449"
"PARAÍBA DO SUL";"JOÃO GOULART FILHO";"3"
"PARAÍBA DO SUL";"MARINA SILVA";"498"
"PARAÍBA DO SUL";"NULO";"1539"
"PARAÍBA DO SUL";"VERA";"16"
"PATY DO ALFERES";"ALVARO DIAS";"74"
"PATY DO ALFERES";"BRANCO";"331"
"PATY DO ALFERES";"CABO DACIOLO";"262"
"PATY DO ALFERES";"CIRO GOMES";"1798"
"PATY DO ALFERES";"EYMAEL";"9"
"PATY DO ALFERES";"FERNANDO HADDAD";"1976"
"PATY DO ALFERES";"GERALDO ALCKMIN";"859"
"PATY DO ALFERES";"GUILHERME BOULOS";"68"
"PATY DO ALFERES";"HENRIQUE MEIRELLES";"153"
"PATY DO ALFERES";"JAIR BOLSONARO";"10477"
"PATY DO ALFERES";"JOÃO AMOÊDO";"187"
"PATY DO ALFERES";"JOÃO GOULART FILHO";"7"
"PATY DO ALFERES";"MARINA SILVA";"190"
"PATY DO ALFERES";"NULO";"736"
"PATY DO ALFERES";"VERA";"4"
"PETRÓPOLIS";"ALVARO DIAS";"1014"
"PETRÓPOLIS";"BRANCO";"4461"
"PETRÓPOLIS";"CABO DACIOLO";"2887"
"PETRÓPOLIS";"CIRO GOMES";"24623"
"PETRÓPOLIS";"EYMAEL";"97"
"PETRÓPOLIS";"FERNANDO HADDAD";"10997"
"PETRÓPOLIS";"GERALDO ALCKMIN";"5905"
"PETRÓPOLIS";"GUILHERME BOULOS";"1231"
"PETRÓPOLIS";"HENRIQUE MEIRELLES";"2104"
"PETRÓPOLIS";"JAIR BOLSONARO";"113458"
"PETRÓPOLIS";"JOÃO AMOÊDO";"5304"
"PETRÓPOLIS";"JOÃO GOULART FILHO";"64"
"PETRÓPOLIS";"MARINA SILVA";"2662"
"PETRÓPOLIS";"NULO";"10014"
"PETRÓPOLIS";"VERA";"92"
"PINHEIRAL";"ALVARO DIAS";"77"
"PINHEIRAL";"BRANCO";"238"
"PINHEIRAL";"CABO DACIOLO";"337"
"PINHEIRAL";"CIRO GOMES";"1692"
"PINHEIRAL";"EYMAEL";"8"
"PINHEIRAL";"FERNANDO HADDAD";"2467"
"PINHEIRAL";"GERALDO ALCKMIN";"345"
"PINHEIRAL";"GUILHERME BOULOS";"94"
"PINHEIRAL";"HENRIQUE MEIRELLES";"113"
"PINHEIRAL";"JAIR BOLSONARO";"7533"
"PINHEIRAL";"JOÃO AMOÊDO";"170"
"PINHEIRAL";"JOÃO GOULART FILHO";"1"
"PINHEIRAL";"MARINA SILVA";"159"
"PINHEIRAL";"NULO";"552"
"PINHEIRAL";"VERA";"9"
"PIRAÍ";"ALVARO DIAS";"75"
"PIRAÍ";"BRANCO";"302"
"PIRAÍ";"CABO DACIOLO";"415"
"PIRAÍ";"CIRO GOMES";"2493"
"PIRAÍ";"EYMAEL";"9"
"PIRAÍ";"FERNANDO HADDAD";"2374"
"PIRAÍ";"GERALDO ALCKMIN";"556"
"PIRAÍ";"GUILHERME BOULOS";"79"
"PIRAÍ";"HENRIQUE MEIRELLES";"185"
"PIRAÍ";"JAIR BOLSONARO";"9735"
"PIRAÍ";"JOÃO AMOÊDO";"157"
"PIRAÍ";"JOÃO GOULART FILHO";"5"
"PIRAÍ";"MARINA SILVA";"204"
"PIRAÍ";"NULO";"864"
"PIRAÍ";"VERA";"9"
"PORCIÚNCULA";"ALVARO DIAS";"46"
"PORCIÚNCULA";"BRANCO";"190"
"PORCIÚNCULA";"CABO DACIOLO";"129"
"PORCIÚNCULA";"CIRO GOMES";"1135"
"PORCIÚNCULA";"EYMAEL";"1"
"PORCIÚNCULA";"FERNANDO HADDAD";"1954"
"PORCIÚNCULA";"GERALDO ALCKMIN";"383"
"PORCIÚNCULA";"GUILHERME BOULOS";"44"
"PORCIÚNCULA";"HENRIQUE MEIRELLES";"72"
"PORCIÚNCULA";"JAIR BOLSONARO";"5343"
"PORCIÚNCULA";"JOÃO AMOÊDO";"94"
"PORCIÚNCULA";"JOÃO GOULART FILHO";"4"
"PORCIÚNCULA";"MARINA SILVA";"64"
"PORCIÚNCULA";"NULO";"550"
"PORCIÚNCULA";"VERA";"2"
"PORTO REAL";"ALVARO DIAS";"69"
"PORTO REAL";"BRANCO";"239"
"PORTO REAL";"CABO DACIOLO";"375"
"PORTO REAL";"CIRO GOMES";"1339"
"PORTO REAL";"EYMAEL";"30"
"PORTO REAL";"FERNANDO HADDAD";"1815"
"PORTO REAL";"GERALDO ALCKMIN";"413"
"PORTO REAL";"GUILHERME BOULOS";"48"
"PORTO REAL";"HENRIQUE MEIRELLES";"74"
"PORTO REAL";"JAIR BOLSONARO";"8263"
"PORTO REAL";"JOÃO AMOÊDO";"173"
"PORTO REAL";"JOÃO GOULART FILHO";"2"
"PORTO REAL";"MARINA SILVA";"131"
"PORTO REAL";"NULO";"538"
"PORTO REAL";"VERA";"3"
"QUATIS";"ALVARO DIAS";"56"
"QUATIS";"BRANCO";"151"
"QUATIS";"CABO DACIOLO";"127"
"QUATIS";"CIRO GOMES";"812"
"QUATIS";"EYMAEL";"6"
"QUATIS";"FERNANDO HADDAD";"1300"
"QUATIS";"GERALDO ALCKMIN";"318"
"QUATIS";"GUILHERME BOULOS";"27"
"QUATIS";"HENRIQUE MEIRELLES";"80"
"QUATIS";"JAIR BOLSONARO";"4771"
"QUATIS";"JOÃO AMOÊDO";"148"
"QUATIS";"JOÃO GOULART FILHO";"1"
"QUATIS";"MARINA SILVA";"93"
"QUATIS";"NULO";"319"
"QUATIS";"VERA";"8"
"QUEIMADOS";"ALVARO DIAS";"219"
"QUEIMADOS";"BRANCO";"1276"
"QUEIMADOS";"CABO DACIOLO";"2395"
"QUEIMADOS";"CIRO GOMES";"6231"
"QUEIMADOS";"EYMAEL";"23"
"QUEIMADOS";"FERNANDO HADDAD";"7253"
"QUEIMADOS";"GERALDO ALCKMIN";"1111"
"QUEIMADOS";"GUILHERME BOULOS";"256"
"QUEIMADOS";"HENRIQUE MEIRELLES";"1193"
"QUEIMADOS";"JAIR BOLSONARO";"38767"
"QUEIMADOS";"JOÃO AMOÊDO";"335"
"QUEIMADOS";"JOÃO GOULART FILHO";"15"
"QUEIMADOS";"MARINA SILVA";"900"
"QUEIMADOS";"NULO";"3086"
"QUEIMADOS";"VERA";"29"
"QUISSAMÃ";"ALVARO DIAS";"70"
"QUISSAMÃ";"BRANCO";"323"
"QUISSAMÃ";"CABO DACIOLO";"363"
"QUISSAMÃ";"CIRO GOMES";"1698"
"QUISSAMÃ";"EYMAEL";"12"
"QUISSAMÃ";"FERNANDO HADDAD";"2131"
"QUISSAMÃ";"GERALDO ALCKMIN";"477"
"QUISSAMÃ";"GUILHERME BOULOS";"55"
"QUISSAMÃ";"HENRIQUE MEIRELLES";"131"
"QUISSAMÃ";"JAIR BOLSONARO";"7049"
"QUISSAMÃ";"JOÃO AMOÊDO";"106"
"QUISSAMÃ";"JOÃO GOULART FILHO";"6"
"QUISSAMÃ";"MARINA SILVA";"187"
"QUISSAMÃ";"NULO";"682"
"QUISSAMÃ";"VERA";"4"
"RESENDE";"ALVARO DIAS";"459"
"RESENDE";"BRANCO";"1462"
"RESENDE";"CABO DACIOLO";"924"
"RESENDE";"CIRO GOMES";"7178"
"RESENDE";"EYMAEL";"29"
"RESENDE";"FERNANDO HADDAD";"5726"
"RESENDE";"GERALDO ALCKMIN";"3183"
"RESENDE";"GUILHERME BOULOS";"394"
"RESENDE";"HENRIQUE MEIRELLES";"751"
"RESENDE";"JAIR BOLSONARO";"47386"
"RESENDE";"JOÃO AMOÊDO";"1416"
"RESENDE";"JOÃO GOULART FILHO";"14"
"RESENDE";"MARINA SILVA";"970"
"RESENDE";"NULO";"2521"
"RESENDE";"VERA";"43"
"RIO BONITO";"ALVARO DIAS";"170"
"RIO BONITO";"BRANCO";"649"
"RIO BONITO";"CABO DACIOLO";"1038"
"RIO BONITO";"CIRO GOMES";"3726"
"RIO BONITO";"EYMAEL";"20"
"RIO BONITO";"FERNANDO HADDAD";"3156"
"RIO BONITO";"GERALDO ALCKMIN";"1037"
"RIO BONITO";"GUILHERME BOULOS";"123"
"RIO BONITO";"HENRIQUE MEIRELLES";"247"
"RIO BONITO";"JAIR BOLSONARO";"22911"
"RIO BONITO";"JOÃO AMOÊDO";"392"
"RIO BONITO";"JOÃO GOULART FILHO";"9"
"RIO BONITO";"MARINA SILVA";"391"
"RIO BONITO";"NULO";"1744"
"RIO BONITO";"VERA";"14"
"RIO CLARO";"ALVARO DIAS";"55"
"RIO CLARO";"BRANCO";"209"
"RIO CLARO";"CABO DACIOLO";"171"
"RIO CLARO";"CIRO GOMES";"1107"
"RIO CLARO";"EYMAEL";"5"
"RIO CLARO";"FERNANDO HADDAD";"2103"
"RIO CLARO";"GERALDO ALCKMIN";"421"
"RIO CLARO";"GUILHERME BOULOS";"31"
"RIO CLARO";"HENRIQUE MEIRELLES";"104"
"RIO CLARO";"JAIR BOLSONARO";"6616"
"RIO CLARO";"JOÃO AMOÊDO";"141"
"RIO CLARO";"JOÃO GOULART FILHO";"2"
"RIO CLARO";"MARINA SILVA";"65"
"RIO CLARO";"NULO";"646"
"RIO CLARO";"VERA";"7"
"RIO DAS FLORES";"ALVARO DIAS";"29"
"RIO DAS FLORES";"BRANCO";"113"
"RIO DAS FLORES";"CABO DACIOLO";"63"
"RIO DAS FLORES";"CIRO GOMES";"885"
"RIO DAS FLORES";"EYMAEL";"8"
"RIO DAS FLORES";"FERNANDO HADDAD";"1264"
"RIO DAS FLORES";"GERALDO ALCKMIN";"276"
"RIO DAS FLORES";"GUILHERME BOULOS";"24"
"RIO DAS FLORES";"HENRIQUE MEIRELLES";"125"
"RIO DAS FLORES";"JAIR BOLSONARO";"3179"
"RIO DAS FLORES";"JOÃO AMOÊDO";"69"
"RIO DAS FLORES";"MARINA SILVA";"54"
"RIO DAS FLORES";"NULO";"391"
"RIO DAS FLORES";"VERA";"2"
"RIO DAS OSTRAS";"ALVARO DIAS";"297"
"RIO DAS OSTRAS";"BRANCO";"902"
"RIO DAS OSTRAS";"CABO DACIOLO";"1507"
"RIO DAS OSTRAS";"CIRO GOMES";"7914"
"RIO DAS OSTRAS";"EYMAEL";"17"
"RIO DAS OSTRAS";"FERNANDO HADDAD";"4251"
"RIO DAS OSTRAS";"GERALDO ALCKMIN";"1035"
"RIO DAS OSTRAS";"GUILHERME BOULOS";"385"
"RIO DAS OSTRAS";"HENRIQUE MEIRELLES";"404"
"RIO DAS OSTRAS";"JAIR BOLSONARO";"41674"
"RIO DAS OSTRAS";"JOÃO AMOÊDO";"975"
"RIO DAS OSTRAS";"JOÃO GOULART FILHO";"8"
"RIO DAS OSTRAS";"MARINA SILVA";"813"
"RIO DAS OSTRAS";"NULO";"2722"
"RIO DAS OSTRAS";"VERA";"29"
"RIO DE JANEIRO";"ALVARO DIAS";"14279"
"RIO DE JANEIRO";"BRANCO";"72069"
"RIO DE JANEIRO";"CABO DACIOLO";"67103"
"RIO DE JANEIRO";"CIRO GOMES";"645674"
"RIO DE JANEIRO";"EYMAEL";"1400"
"RIO DE JANEIRO";"FERNANDO HADDAD";"278623"
"RIO DE JANEIRO";"GERALDO ALCKMIN";"68405"
"RIO DE JANEIRO";"GUILHERME BOULOS";"27829"
"RIO DE JANEIRO";"HENRIQUE MEIRELLES";"26441"
"RIO DE JANEIRO";"JAIR BOLSONARO";"2154504"
"RIO DE JANEIRO";"JOÃO AMOÊDO";"74177"
"RIO DE JANEIRO";"JOÃO GOULART FILHO";"1224"
"RIO DE JANEIRO";"MARINA SILVA";"54443"
"RIO DE JANEIRO";"NULO";"171615"
"RIO DE JANEIRO";"VERA";"2507"
"SANTA MARIA MADALENA";"ALVARO DIAS";"49"
"SANTA MARIA MADALENA";"BRANCO";"127"
"SANTA MARIA MADALENA";"CABO DACIOLO";"59"
"SANTA MARIA MADALENA";"CIRO GOMES";"697"
"SANTA MARIA MADALENA";"EYMAEL";"4"
"SANTA MARIA MADALENA";"FERNANDO HADDAD";"780"
"SANTA MARIA MADALENA";"GERALDO ALCKMIN";"256"
"SANTA MARIA MADALENA";"GUILHERME BOULOS";"34"
"SANTA MARIA MADALENA";"HENRIQUE MEIRELLES";"107"
"SANTA MARIA MADALENA";"JAIR BOLSONARO";"3587"
"SANTA MARIA MADALENA";"JOÃO AMOÊDO";"92"
"SANTA MARIA MADALENA";"JOÃO GOULART FILHO";"2"
"SANTA MARIA MADALENA";"MARINA SILVA";"78"
"SANTA MARIA MADALENA";"NULO";"476"
"SANTA MARIA MADALENA";"VERA";"4"
"SANTO ANTÔNIO DE PÁDUA";"ALVARO DIAS";"132"
"SANTO ANTÔNIO DE PÁDUA";"BRANCO";"391"
"SANTO ANTÔNIO DE PÁDUA";"CABO DACIOLO";"262"
"SANTO ANTÔNIO DE PÁDUA";"CIRO GOMES";"2306"
"SANTO ANTÔNIO DE PÁDUA";"EYMAEL";"12"
"SANTO ANTÔNIO DE PÁDUA";"FERNANDO HADDAD";"2663"
"SANTO ANTÔNIO DE PÁDUA";"GERALDO ALCKMIN";"770"
"SANTO ANTÔNIO DE PÁDUA";"GUILHERME BOULOS";"89"
"SANTO ANTÔNIO DE PÁDUA";"HENRIQUE MEIRELLES";"210"
"SANTO ANTÔNIO DE PÁDUA";"JAIR BOLSONARO";"16639"
"SANTO ANTÔNIO DE PÁDUA";"JOÃO AMOÊDO";"235"
"SANTO ANTÔNIO DE PÁDUA";"JOÃO GOULART FILHO";"4"
"SANTO ANTÔNIO DE PÁDUA";"MARINA SILVA";"192"
"SANTO ANTÔNIO DE PÁDUA";"NULO";"1199"
"SANTO ANTÔNIO DE PÁDUA";"VERA";"7"
"SAPUCAIA";"ALVARO DIAS";"66"
"SAPUCAIA";"BRANCO";"223"
"SAPUCAIA";"CABO DACIOLO";"142"
"SAPUCAIA";"CIRO GOMES";"1346"
"SAPUCAIA";"EYMAEL";"10"
"SAPUCAIA";"FERNANDO HADDAD";"1713"
"SAPUCAIA";"GERALDO ALCKMIN";"514"
"SAPUCAIA";"GUILHERME BOULOS";"55"
"SAPUCAIA";"HENRIQUE MEIRELLES";"132"
"SAPUCAIA";"JAIR BOLSONARO";"7407"
"SAPUCAIA";"JOÃO AMOÊDO";"177"
"SAPUCAIA";"JOÃO GOULART FILHO";"1"
"SAPUCAIA";"MARINA SILVA";"105"
"SAPUCAIA";"NULO";"727"
"SAPUCAIA";"VERA";"7"
"SAQUAREMA";"ALVARO DIAS";"277"
"SAQUAREMA";"BRANCO";"944"
"SAQUAREMA";"CABO DACIOLO";"748"
"SAQUAREMA";"CIRO GOMES";"4633"
"SAQUAREMA";"EYMAEL";"25"
"SAQUAREMA";"FERNANDO HADDAD";"3565"
"SAQUAREMA";"GERALDO ALCKMIN";"1321"
"SAQUAREMA";"GUILHERME BOULOS";"191"
"SAQUAREMA";"HENRIQUE MEIRELLES";"460"
"SAQUAREMA";"JAIR BOLSONARO";"32696"
"SAQUAREMA";"JOÃO AMOÊDO";"406"
"SAQUAREMA";"JOÃO GOULART FILHO";"17"
"SAQUAREMA";"MARINA SILVA";"537"
"SAQUAREMA";"NULO";"2287"
"SAQUAREMA";"VERA";"15"
"SEROPÉDICA";"ALVARO DIAS";"164"
"SEROPÉDICA";"BRANCO";"846"
"SEROPÉDICA";"CABO DACIOLO";"1231"
"SEROPÉDICA";"CIRO GOMES";"4722"
"SEROPÉDICA";"EYMAEL";"15"
"SEROPÉDICA";"FERNANDO HADDAD";"3794"
"SEROPÉDICA";"GERALDO ALCKMIN";"982"
"SEROPÉDICA";"GUILHERME BOULOS";"168"
"SEROPÉDICA";"HENRIQUE MEIRELLES";"350"
"SEROPÉDICA";"JAIR BOLSONARO";"27437"
"SEROPÉDICA";"JOÃO AMOÊDO";"260"
"SEROPÉDICA";"JOÃO GOULART FILHO";"12"
"SEROPÉDICA";"MARINA SILVA";"635"
"SEROPÉDICA";"NULO";"1959"
"SEROPÉDICA";"VERA";"21"
"SILVA JARDIM";"ALVARO DIAS";"48"
"SILVA JARDIM";"BRANCO";"228"
"SILVA JARDIM";"CABO DACIOLO";"425"
"SILVA JARDIM";"CIRO GOMES";"1157"
"SILVA JARDIM";"EYMAEL";"15"
"SILVA JARDIM";"FERNANDO HADDAD";"1488"
"SILVA JARDIM";"GERALDO ALCKMIN";"533"
"SILVA JARDIM";"GUILHERME BOULOS";"42"
"SILVA JARDIM";"HENRIQUE MEIRELLES";"101"
"SILVA JARDIM";"JAIR BOLSONARO";"8982"
"SILVA JARDIM";"JOÃO AMOÊDO";"95"
"SILVA JARDIM";"JOÃO GOULART FILHO";"6"
"SILVA JARDIM";"MARINA SILVA";"133"
"SILVA JARDIM";"NULO";"577"
"SILVA JARDIM";"VERA";"11"
"SUMIDOURO";"ALVARO DIAS";"41"
"SUMIDOURO";"BRANCO";"253"
"SUMIDOURO";"CABO DACIOLO";"77"
"SUMIDOURO";"CIRO GOMES";"985"
"SUMIDOURO";"EYMAEL";"2"
"SUMIDOURO";"FERNANDO HADDAD";"1082"
"SUMIDOURO";"GERALDO ALCKMIN";"587"
"SUMIDOURO";"GUILHERME BOULOS";"28"
"SUMIDOURO";"HENRIQUE MEIRELLES";"76"
"SUMIDOURO";"JAIR BOLSONARO";"6644"
"SUMIDOURO";"JOÃO AMOÊDO";"104"
"SUMIDOURO";"JOÃO GOULART FILHO";"2"
"SUMIDOURO";"MARINA SILVA";"62"
"SUMIDOURO";"NULO";"582"
"SUMIDOURO";"VERA";"1"
"SÃO FIDÉLIS";"ALVARO DIAS";"143"
"SÃO FIDÉLIS";"BRANCO";"419"
"SÃO FIDÉLIS";"CABO DACIOLO";"312"
"SÃO FIDÉLIS";"CIRO GOMES";"2134"
"SÃO FIDÉLIS";"EYMAEL";"20"
"SÃO FIDÉLIS";"FERNANDO HADDAD";"1930"
"SÃO FIDÉLIS";"GERALDO ALCKMIN";"1013"
"SÃO FIDÉLIS";"GUILHERME BOULOS";"79"
"SÃO FIDÉLIS";"HENRIQUE MEIRELLES";"120"
"SÃO FIDÉLIS";"JAIR BOLSONARO";"14656"
"SÃO FIDÉLIS";"JOÃO AMOÊDO";"103"
"SÃO FIDÉLIS";"JOÃO GOULART FILHO";"2"
"SÃO FIDÉLIS";"MARINA SILVA";"210"
"SÃO FIDÉLIS";"NULO";"892"
"SÃO FIDÉLIS";"VERA";"5"
"SÃO FRANCISCO DE ITABAPOANA";"ALVARO DIAS";"144"
"SÃO FRANCISCO DE ITABAPOANA";"BRANCO";"730"
"SÃO FRANCISCO DE ITABAPOANA";"CABO DACIOLO";"481"
"SÃO FRANCISCO DE ITABAPOANA";"CIRO GOMES";"1903"
"SÃO FRANCISCO DE ITABAPOANA";"EYMAEL";"24"
"SÃO FRANCISCO DE ITABAPOANA";"FERNANDO HADDAD";"2884"
"SÃO FRANCISCO DE ITABAPOANA";"GERALDO ALCKMIN";"1284"
"SÃO FRANCISCO DE ITABAPOANA";"GUILHERME BOULOS";"67"
"SÃO FRANCISCO DE ITABAPOANA";"HENRIQUE MEIRELLES";"194"
"SÃO FRANCISCO DE ITABAPOANA";"JAIR BOLSONARO";"16521"
"SÃO FRANCISCO DE ITABAPOANA";"JOÃO AMOÊDO";"100"
"SÃO FRANCISCO DE ITABAPOANA";"JOÃO GOULART FILHO";"13"
"SÃO FRANCISCO DE ITABAPOANA";"MARINA SILVA";"300"
"SÃO FRANCISCO DE ITABAPOANA";"NULO";"1310"
"SÃO FRANCISCO DE ITABAPOANA";"VERA";"7"
"SÃO GONÇALO";"ALVARO DIAS";"2264"
"SÃO GONÇALO";"BRANCO";"12391"
"SÃO GONÇALO";"CABO DACIOLO";"13575"
"SÃO GONÇALO";"CIRO GOMES";"62506"
"SÃO GONÇALO";"EYMAEL";"315"
"SÃO GONÇALO";"FERNANDO HADDAD";"56601"
"SÃO GONÇALO";"GERALDO ALCKMIN";"8920"
"SÃO GONÇALO";"GUILHERME BOULOS";"3158"
"SÃO GONÇALO";"HENRIQUE MEIRELLES";"4084"
"SÃO GONÇALO";"JAIR BOLSONARO";"320249"
"SÃO GONÇALO";"JOÃO AMOÊDO";"4634"
"SÃO GONÇALO";"JOÃO GOULART FILHO";"140"
"SÃO GONÇALO";"MARINA SILVA";"7358"
"SÃO GONÇALO";"NULO";"29641"
"SÃO GONÇALO";"VERA";"442"
"SÃO JOSÉ DE UBÁ";"ALVARO DIAS";"27"
"SÃO JOSÉ DE UBÁ";"BRANCO";"66"
"SÃO JOSÉ DE UBÁ";"CABO DACIOLO";"72"
"SÃO JOSÉ DE UBÁ";"CIRO GOMES";"296"
"SÃO JOSÉ DE UBÁ";"EYMAEL";"3"
"SÃO JOSÉ DE UBÁ";"FERNANDO HADDAD";"806"
"SÃO JOSÉ DE UBÁ";"GERALDO ALCKMIN";"392"
"SÃO JOSÉ DE UBÁ";"GUILHERME BOULOS";"12"
"SÃO JOSÉ DE UBÁ";"HENRIQUE MEIRELLES";"46"
"SÃO JOSÉ DE UBÁ";"JAIR BOLSONARO";"3684"
"SÃO JOSÉ DE UBÁ";"JOÃO AMOÊDO";"56"
"SÃO JOSÉ DE UBÁ";"JOÃO GOULART FILHO";"2"
"SÃO JOSÉ DE UBÁ";"MARINA SILVA";"24"
"SÃO JOSÉ DE UBÁ";"NULO";"240"
"SÃO JOSÉ DO VALE DO RIO PRETO";"ALVARO DIAS";"54"
"SÃO JOSÉ DO VALE DO RIO PRETO";"BRANCO";"194"
"SÃO JOSÉ DO VALE DO RIO PRETO";"CABO DACIOLO";"103"
"SÃO JOSÉ DO VALE DO RIO PRETO";"CIRO GOMES";"702"
"SÃO JOSÉ DO VALE DO RIO PRETO";"EYMAEL";"8"
"SÃO JOSÉ DO VALE DO RIO PRETO";"FERNANDO HADDAD";"581"
"SÃO JOSÉ DO VALE DO RIO PRETO";"GERALDO ALCKMIN";"650"
"SÃO JOSÉ DO VALE DO RIO PRETO";"GUILHERME BOULOS";"29"
"SÃO JOSÉ DO VALE DO RIO PRETO";"HENRIQUE MEIRELLES";"79"
"SÃO JOSÉ DO VALE DO RIO PRETO";"JAIR BOLSONARO";"9271"
"SÃO JOSÉ DO VALE DO RIO PRETO";"JOÃO AMOÊDO";"194"
"SÃO JOSÉ DO VALE DO RIO PRETO";"JOÃO GOULART FILHO";"3"
"SÃO JOSÉ DO VALE DO RIO PRETO";"MARINA SILVA";"92"
"SÃO JOSÉ DO VALE DO RIO PRETO";"NULO";"537"
"SÃO JOSÉ DO VALE DO RIO PRETO";"VERA";"5"
"SÃO JOÃO DA BARRA";"ALVARO DIAS";"137"
"SÃO JOÃO DA BARRA";"BRANCO";"688"
"SÃO JOÃO DA BARRA";"CABO DACIOLO";"379"
"SÃO JOÃO DA BARRA";"CIRO GOMES";"3298"
"SÃO JOÃO DA BARRA";"EYMAEL";"19"
"SÃO JOÃO DA BARRA";"FERNANDO HADDAD";"3118"
"SÃO JOÃO DA BARRA";"GERALDO ALCKMIN";"1234"
"SÃO JOÃO DA BARRA";"GUILHERME BOULOS";"139"
"SÃO JOÃO DA BARRA";"HENRIQUE MEIRELLES";"211"
"SÃO JOÃO DA BARRA";"JAIR BOLSONARO";"15994"
"SÃO JOÃO DA BARRA";"JOÃO AMOÊDO";"223"
"SÃO JOÃO DA BARRA";"JOÃO GOULART FILHO";"6"
"SÃO JOÃO DA BARRA";"MARINA SILVA";"287"
"SÃO JOÃO DA BARRA";"NULO";"1966"
"SÃO JOÃO DA BARRA";"VERA";"5"
"SÃO JOÃO DE MERITI";"ALVARO DIAS";"982"
"SÃO JOÃO DE MERITI";"BRANCO";"6244"
"SÃO JOÃO DE MERITI";"CABO DACIOLO";"8596"
"SÃO JOÃO DE MERITI";"CIRO GOMES";"28487"
"SÃO JOÃO DE MERITI";"EYMAEL";"127"
"SÃO JOÃO DE MERITI";"FERNANDO HADDAD";"27071"
"SÃO JOÃO DE MERITI";"GERALDO ALCKMIN";"4273"
"SÃO JOÃO DE MERITI";"GUILHERME BOULOS";"1254"
"SÃO JOÃO DE MERITI";"HENRIQUE MEIRELLES";"2095"
"SÃO JOÃO DE MERITI";"JAIR BOLSONARO";"183525"
"SÃO JOÃO DE MERITI";"JOÃO AMOÊDO";"1671"
"SÃO JOÃO DE MERITI";"JOÃO GOULART FILHO";"77"
"SÃO JOÃO DE MERITI";"MARINA SILVA";"4285"
"SÃO JOÃO DE MERITI";"NULO";"13917"
"SÃO JOÃO DE MERITI";"VERA";"190"
"SÃO PEDRO DA ALDEIA";"ALVARO DIAS";"217"
"SÃO PEDRO DA ALDEIA";"BRANCO";"839"
"SÃO PEDRO DA ALDEIA";"CABO DACIOLO";"915"
"SÃO PEDRO DA ALDEIA";"CIRO GOMES";"4222"
"SÃO PEDRO DA ALDEIA";"EYMAEL";"28"
"SÃO PEDRO DA ALDEIA";"FERNANDO HADDAD";"3027"
"SÃO PEDRO DA ALDEIA";"GERALDO ALCKMIN";"1008"
"SÃO PEDRO DA ALDEIA";"GUILHERME BOULOS";"179"
"SÃO PEDRO DA ALDEIA";"HENRIQUE MEIRELLES";"309"
"SÃO PEDRO DA ALDEIA";"JAIR BOLSONARO";"35261"
"SÃO PEDRO DA ALDEIA";"JOÃO AMOÊDO";"295"
"SÃO PEDRO DA ALDEIA";"JOÃO GOULART FILHO";"13"
"SÃO PEDRO DA ALDEIA";"MARINA SILVA";"702"
"SÃO PEDRO DA ALDEIA";"NULO";"1653"
"SÃO PEDRO DA ALDEIA";"VERA";"29"
"SÃO SEBASTIÃO DO ALTO";"ALVARO DIAS";"20"
"SÃO SEBASTIÃO DO ALTO";"BRANCO";"108"
"SÃO SEBASTIÃO DO ALTO";"CABO DACIOLO";"53"
"SÃO SEBASTIÃO DO ALTO";"CIRO GOMES";"403"
"SÃO SEBASTIÃO DO ALTO";"EYMAEL";"11"
"SÃO SEBASTIÃO DO ALTO";"FERNANDO HADDAD";"1014"
"SÃO SEBASTIÃO DO ALTO";"GERALDO ALCKMIN";"191"
"SÃO SEBASTIÃO DO ALTO";"GUILHERME BOULOS";"23"
"SÃO SEBASTIÃO DO ALTO";"HENRIQUE MEIRELLES";"24"
"SÃO SEBASTIÃO DO ALTO";"JAIR BOLSONARO";"3433"
"SÃO SEBASTIÃO DO ALTO";"JOÃO AMOÊDO";"27"
"SÃO SEBASTIÃO DO ALTO";"MARINA SILVA";"26"
"SÃO SEBASTIÃO DO ALTO";"NULO";"388"
"SÃO SEBASTIÃO DO ALTO";"VERA";"1"
"TANGUÁ";"ALVARO DIAS";"99"
"TANGUÁ";"BRANCO";"358"
"TANGUÁ";"CABO DACIOLO";"639"
"TANGUÁ";"CIRO GOMES";"1515"
"TANGUÁ";"EYMAEL";"6"
"TANGUÁ";"FERNANDO HADDAD";"3228"
"TANGUÁ";"GERALDO ALCKMIN";"467"
"TANGUÁ";"GUILHERME BOULOS";"60"
"TANGUÁ";"HENRIQUE MEIRELLES";"147"
"TANGUÁ";"JAIR BOLSONARO";"11594"
"TANGUÁ";"JOÃO AMOÊDO";"93"
"TANGUÁ";"JOÃO GOULART FILHO";"2"
"TANGUÁ";"MARINA SILVA";"194"
"TANGUÁ";"NULO";"779"
"TANGUÁ";"VERA";"7"
"TERESÓPOLIS";"ALVARO DIAS";"479"
"TERESÓPOLIS";"BRANCO";"2098"
"TERESÓPOLIS";"CABO DACIOLO";"1639"
"TERESÓPOLIS";"CIRO GOMES";"10189"
"TERESÓPOLIS";"EYMAEL";"62"
"TERESÓPOLIS";"FERNANDO HADDAD";"4549"
"TERESÓPOLIS";"GERALDO ALCKMIN";"3664"
"TERESÓPOLIS";"GUILHERME BOULOS";"486"
"TERESÓPOLIS";"HENRIQUE MEIRELLES";"924"
"TERESÓPOLIS";"JAIR BOLSONARO";"64492"
"TERESÓPOLIS";"JOÃO AMOÊDO";"1942"
"TERESÓPOLIS";"JOÃO GOULART FILHO";"18"
"TERESÓPOLIS";"MARINA SILVA";"1153"
"TERESÓPOLIS";"NULO";"5104"
"TERESÓPOLIS";"VERA";"56"
"TRAJANO DE MORAIS";"ALVARO DIAS";"40"
"TRAJANO DE MORAIS";"BRANCO";"139"
"TRAJANO DE MORAIS";"CABO DACIOLO";"101"
"TRAJANO DE MORAIS";"CIRO GOMES";"607"
"TRAJANO DE MORAIS";"EYMAEL";"3"
"TRAJANO DE MORAIS";"FERNANDO HADDAD";"1356"
"TRAJANO DE MORAIS";"GERALDO ALCKMIN";"237"
"TRAJANO DE MORAIS";"GUILHERME BOULOS";"28"
"TRAJANO DE MORAIS";"HENRIQUE MEIRELLES";"64"
"TRAJANO DE MORAIS";"JAIR BOLSONARO";"3551"
"TRAJANO DE MORAIS";"JOÃO AMOÊDO";"38"
"TRAJANO DE MORAIS";"JOÃO GOULART FILHO";"2"
"TRAJANO DE MORAIS";"MARINA SILVA";"39"
"TRAJANO DE MORAIS";"NULO";"607"
"TRAJANO DE MORAIS";"VERA";"5"
"TRÊS RIOS";"ALVARO DIAS";"240"
"TRÊS RIOS";"BRANCO";"1140"
"TRÊS RIOS";"CABO DACIOLO";"887"
"TRÊS RIOS";"CIRO GOMES";"7221"
"TRÊS RIOS";"EYMAEL";"18"
"TRÊS RIOS";"FERNANDO HADDAD";"7465"
"TRÊS RIOS";"GERALDO ALCKMIN";"1407"
"TRÊS RIOS";"GUILHERME BOULOS";"351"
"TRÊS RIOS";"HENRIQUE MEIRELLES";"608"
"TRÊS RIOS";"JAIR BOLSONARO";"25345"
"TRÊS RIOS";"JOÃO AMOÊDO";"878"
"TRÊS RIOS";"JOÃO GOULART FILHO";"13"
"TRÊS RIOS";"MARINA SILVA";"699"
"TRÊS RIOS";"NULO";"2307"
"TRÊS RIOS";"VERA";"33"
"VALENÇA";"ALVARO DIAS";"257"
"VALENÇA";"BRANCO";"1119"
"VALENÇA";"CABO DACIOLO";"429"
"VALENÇA";"CIRO GOMES";"5417"
"VALENÇA";"EYMAEL";"47"
"VALENÇA";"FERNANDO HADDAD";"6412"
"VALENÇA";"GERALDO ALCKMIN";"2144"
"VALENÇA";"GUILHERME BOULOS";"310"
"VALENÇA";"HENRIQUE MEIRELLES";"720"
"VALENÇA";"JAIR BOLSONARO";"22480"
"VALENÇA";"JOÃO AMOÊDO";"694"
"VALENÇA";"JOÃO GOULART FILHO";"24"
"VALENÇA";"MARINA SILVA";"562"
"VALENÇA";"NULO";"2515"
"VALENÇA";"VERA";"22"
"VARRE-SAI";"ALVARO DIAS";"51"
"VARRE-SAI";"BRANCO";"120"
"VARRE-SAI";"CABO DACIOLO";"30"
"VARRE-SAI";"CIRO GOMES";"548"
"VARRE-SAI";"EYMAEL";"5"
"VARRE-SAI";"FERNANDO HADDAD";"869"
"VARRE-SAI";"GERALDO ALCKMIN";"353"
"VARRE-SAI";"GUILHERME BOULOS";"10"
"VARRE-SAI";"HENRIQUE MEIRELLES";"47"
"VARRE-SAI";"JAIR BOLSONARO";"3669"
"VARRE-SAI";"JOÃO AMOÊDO";"58"
"VARRE-SAI";"JOÃO GOULART FILHO";"1"
"VARRE-SAI";"MARINA SILVA";"22"
"VARRE-SAI";"NULO";"409"
"VARRE-SAI";"VERA";"1"
"VASSOURAS";"ALVARO DIAS";"132"
"VASSOURAS";"BRANCO";"489"
"VASSOURAS";"CABO DACIOLO";"257"
"VASSOURAS";"CIRO GOMES";"2294"
"VASSOURAS";"EYMAEL";"9"
"VASSOURAS";"FERNANDO HADDAD";"2736"
"VASSOURAS";"GERALDO ALCKMIN";"1258"
"VASSOURAS";"GUILHERME BOULOS";"104"
"VASSOURAS";"HENRIQUE MEIRELLES";"305"
"VASSOURAS";"JAIR BOLSONARO";"12804"
"VASSOURAS";"JOÃO AMOÊDO";"400"
"VASSOURAS";"JOÃO GOULART FILHO";"5"
"VASSOURAS";"MARINA SILVA";"351"
"VASSOURAS";"NULO";"1167"
"VASSOURAS";"VERA";"19"
"VOLTA REDONDA";"ALVARO DIAS";"1558"
"VOLTA REDONDA";"BRANCO";"3199"
"VOLTA REDONDA";"CABO DACIOLO";"4610"
"VOLTA REDONDA";"CIRO GOMES";"23860"
"VOLTA REDONDA";"EYMAEL";"62"
"VOLTA REDONDA";"FERNANDO HADDAD";"20696"
"VOLTA REDONDA";"GERALDO ALCKMIN";"3600"
"VOLTA REDONDA";"GUILHERME BOULOS";"1324"
"VOLTA REDONDA";"HENRIQUE MEIRELLES";"1468"
"VOLTA REDONDA";"JAIR BOLSONARO";"103098"
"VOLTA REDONDA";"JOÃO AMOÊDO";"3834"
"VOLTA REDONDA";"JOÃO GOULART FILHO";"48"
"VOLTA REDONDA";"MARINA SILVA";"2585"
"VOLTA REDONDA";"NULO";"7544"
"VOLTA REDONDA";"VERA";"154"
