"NM_MUNICIPIO";"NM_VOTAVEL";"QT_VOTOS"
"AFONSO CUNHA";"AÉCIO NEVES";"111"
"AFONSO CUNHA";"BRANCO";"39"
"AFONSO CUNHA";"DILMA";"3472"
"AFONSO CUNHA";"EYMAEL";"5"
"AFONSO CUNHA";"LEVY FIDELIX";"1"
"AFONSO CUNHA";"LUCIANA GENRO";"1"
"AFONSO CUNHA";"MARINA SILVA";"235"
"AFONSO CUNHA";"NULO";"354"
"AFONSO CUNHA";"PASTOR EVERALDO";"8"
"AFONSO CUNHA";"ZÉ MARIA";"2"
"ALCÂNTARA";"AÉCIO NEVES";"456"
"ALCÂNTARA";"BRANCO";"353"
"ALCÂNTARA";"DILMA";"9420"
"ALCÂNTARA";"EDUARDO JORGE";"22"
"ALCÂNTARA";"EYMAEL";"5"
"ALCÂNTARA";"LEVY FIDELIX";"8"
"ALCÂNTARA";"LUCIANA GENRO";"24"
"ALCÂNTARA";"MARINA SILVA";"1276"
"ALCÂNTARA";"MAURO IASI";"1"
"ALCÂNTARA";"NULO";"680"
"ALCÂNTARA";"PASTOR EVERALDO";"113"
"ALCÂNTARA";"ZÉ MARIA";"8"
"ALDEIAS ALTAS";"AÉCIO NEVES";"803"
"ALDEIAS ALTAS";"BRANCO";"208"
"ALDEIAS ALTAS";"DILMA";"8061"
"ALDEIAS ALTAS";"EDUARDO JORGE";"31"
"ALDEIAS ALTAS";"EYMAEL";"31"
"ALDEIAS ALTAS";"LEVY FIDELIX";"8"
"ALDEIAS ALTAS";"LUCIANA GENRO";"4"
"ALDEIAS ALTAS";"MARINA SILVA";"1453"
"ALDEIAS ALTAS";"MAURO IASI";"8"
"ALDEIAS ALTAS";"NULO";"1195"
"ALDEIAS ALTAS";"PASTOR EVERALDO";"16"
"ALDEIAS ALTAS";"RUI COSTA PIMENTA";"1"
"ALDEIAS ALTAS";"ZÉ MARIA";"4"
"ALTAMIRA DO MARANHÃO";"AÉCIO NEVES";"321"
"ALTAMIRA DO MARANHÃO";"BRANCO";"70"
"ALTAMIRA DO MARANHÃO";"DILMA";"2564"
"ALTAMIRA DO MARANHÃO";"EDUARDO JORGE";"4"
"ALTAMIRA DO MARANHÃO";"LEVY FIDELIX";"8"
"ALTAMIRA DO MARANHÃO";"LUCIANA GENRO";"5"
"ALTAMIRA DO MARANHÃO";"MARINA SILVA";"380"
"ALTAMIRA DO MARANHÃO";"MAURO IASI";"1"
"ALTAMIRA DO MARANHÃO";"NULO";"347"
"ALTAMIRA DO MARANHÃO";"PASTOR EVERALDO";"37"
"ALTAMIRA DO MARANHÃO";"RUI COSTA PIMENTA";"1"
"ALTO ALEGRE DO MARANHÃO";"AÉCIO NEVES";"708"
"ALTO ALEGRE DO MARANHÃO";"BRANCO";"158"
"ALTO ALEGRE DO MARANHÃO";"DILMA";"8217"
"ALTO ALEGRE DO MARANHÃO";"EDUARDO JORGE";"37"
"ALTO ALEGRE DO MARANHÃO";"EYMAEL";"2"
"ALTO ALEGRE DO MARANHÃO";"LEVY FIDELIX";"15"
"ALTO ALEGRE DO MARANHÃO";"LUCIANA GENRO";"18"
"ALTO ALEGRE DO MARANHÃO";"MARINA SILVA";"979"
"ALTO ALEGRE DO MARANHÃO";"MAURO IASI";"3"
"ALTO ALEGRE DO MARANHÃO";"NULO";"956"
"ALTO ALEGRE DO MARANHÃO";"PASTOR EVERALDO";"36"
"ALTO ALEGRE DO MARANHÃO";"RUI COSTA PIMENTA";"1"
"ALTO ALEGRE DO MARANHÃO";"ZÉ MARIA";"3"
"ALTO ALEGRE DO PINDARÉ";"AÉCIO NEVES";"987"
"ALTO ALEGRE DO PINDARÉ";"BRANCO";"187"
"ALTO ALEGRE DO PINDARÉ";"DILMA";"10065"
"ALTO ALEGRE DO PINDARÉ";"EDUARDO JORGE";"14"
"ALTO ALEGRE DO PINDARÉ";"EYMAEL";"9"
"ALTO ALEGRE DO PINDARÉ";"LEVY FIDELIX";"47"
"ALTO ALEGRE DO PINDARÉ";"LUCIANA GENRO";"16"
"ALTO ALEGRE DO PINDARÉ";"MARINA SILVA";"911"
"ALTO ALEGRE DO PINDARÉ";"MAURO IASI";"4"
"ALTO ALEGRE DO PINDARÉ";"NULO";"1273"
"ALTO ALEGRE DO PINDARÉ";"PASTOR EVERALDO";"142"
"ALTO ALEGRE DO PINDARÉ";"ZÉ MARIA";"15"
"ALTO PARNAÍBA";"AÉCIO NEVES";"1011"
"ALTO PARNAÍBA";"BRANCO";"82"
"ALTO PARNAÍBA";"DILMA";"3262"
"ALTO PARNAÍBA";"EDUARDO JORGE";"6"
"ALTO PARNAÍBA";"EYMAEL";"9"
"ALTO PARNAÍBA";"LEVY FIDELIX";"9"
"ALTO PARNAÍBA";"LUCIANA GENRO";"10"
"ALTO PARNAÍBA";"MARINA SILVA";"534"
"ALTO PARNAÍBA";"MAURO IASI";"3"
"ALTO PARNAÍBA";"NULO";"445"
"ALTO PARNAÍBA";"PASTOR EVERALDO";"12"
"ALTO PARNAÍBA";"ZÉ MARIA";"1"
"AMAPÁ DO MARANHÃO";"AÉCIO NEVES";"413"
"AMAPÁ DO MARANHÃO";"BRANCO";"53"
"AMAPÁ DO MARANHÃO";"DILMA";"2117"
"AMAPÁ DO MARANHÃO";"EDUARDO JORGE";"18"
"AMAPÁ DO MARANHÃO";"EYMAEL";"7"
"AMAPÁ DO MARANHÃO";"LEVY FIDELIX";"2"
"AMAPÁ DO MARANHÃO";"LUCIANA GENRO";"3"
"AMAPÁ DO MARANHÃO";"MARINA SILVA";"645"
"AMAPÁ DO MARANHÃO";"MAURO IASI";"1"
"AMAPÁ DO MARANHÃO";"NULO";"295"
"AMAPÁ DO MARANHÃO";"PASTOR EVERALDO";"6"
"AMAPÁ DO MARANHÃO";"ZÉ MARIA";"1"
"AMARANTE DO MARANHÃO";"AÉCIO NEVES";"3293"
"AMARANTE DO MARANHÃO";"BRANCO";"291"
"AMARANTE DO MARANHÃO";"DILMA";"11668"
"AMARANTE DO MARANHÃO";"EDUARDO JORGE";"90"
"AMARANTE DO MARANHÃO";"EYMAEL";"13"
"AMARANTE DO MARANHÃO";"LEVY FIDELIX";"16"
"AMARANTE DO MARANHÃO";"LUCIANA GENRO";"49"
"AMARANTE DO MARANHÃO";"MARINA SILVA";"935"
"AMARANTE DO MARANHÃO";"MAURO IASI";"8"
"AMARANTE DO MARANHÃO";"NULO";"1296"
"AMARANTE DO MARANHÃO";"PASTOR EVERALDO";"463"
"AMARANTE DO MARANHÃO";"RUI COSTA PIMENTA";"3"
"AMARANTE DO MARANHÃO";"ZÉ MARIA";"4"
"ANAJATUBA";"AÉCIO NEVES";"587"
"ANAJATUBA";"BRANCO";"260"
"ANAJATUBA";"DILMA";"10952"
"ANAJATUBA";"EDUARDO JORGE";"10"
"ANAJATUBA";"EYMAEL";"3"
"ANAJATUBA";"LEVY FIDELIX";"12"
"ANAJATUBA";"LUCIANA GENRO";"21"
"ANAJATUBA";"MARINA SILVA";"1486"
"ANAJATUBA";"MAURO IASI";"2"
"ANAJATUBA";"NULO";"841"
"ANAJATUBA";"PASTOR EVERALDO";"33"
"ANAJATUBA";"ZÉ MARIA";"6"
"ANAPURUS";"AÉCIO NEVES";"697"
"ANAPURUS";"BRANCO";"203"
"ANAPURUS";"DILMA";"7278"
"ANAPURUS";"EDUARDO JORGE";"11"
"ANAPURUS";"EYMAEL";"20"
"ANAPURUS";"LEVY FIDELIX";"6"
"ANAPURUS";"LUCIANA GENRO";"8"
"ANAPURUS";"MARINA SILVA";"583"
"ANAPURUS";"NULO";"599"
"ANAPURUS";"PASTOR EVERALDO";"23"
"ANAPURUS";"RUI COSTA PIMENTA";"2"
"ANAPURUS";"ZÉ MARIA";"8"
"APICUM-AÇU";"AÉCIO NEVES";"636"
"APICUM-AÇU";"BRANCO";"101"
"APICUM-AÇU";"DILMA";"5705"
"APICUM-AÇU";"EDUARDO JORGE";"47"
"APICUM-AÇU";"LEVY FIDELIX";"14"
"APICUM-AÇU";"LUCIANA GENRO";"9"
"APICUM-AÇU";"MARINA SILVA";"942"
"APICUM-AÇU";"MAURO IASI";"1"
"APICUM-AÇU";"NULO";"334"
"APICUM-AÇU";"PASTOR EVERALDO";"85"
"APICUM-AÇU";"ZÉ MARIA";"4"
"ARAGUANÃ";"AÉCIO NEVES";"243"
"ARAGUANÃ";"BRANCO";"50"
"ARAGUANÃ";"DILMA";"4071"
"ARAGUANÃ";"EDUARDO JORGE";"9"
"ARAGUANÃ";"EYMAEL";"1"
"ARAGUANÃ";"LEVY FIDELIX";"6"
"ARAGUANÃ";"LUCIANA GENRO";"5"
"ARAGUANÃ";"MARINA SILVA";"347"
"ARAGUANÃ";"MAURO IASI";"1"
"ARAGUANÃ";"NULO";"322"
"ARAGUANÃ";"PASTOR EVERALDO";"27"
"ARAIOSES";"AÉCIO NEVES";"1580"
"ARAIOSES";"BRANCO";"683"
"ARAIOSES";"DILMA";"15902"
"ARAIOSES";"EDUARDO JORGE";"52"
"ARAIOSES";"EYMAEL";"26"
"ARAIOSES";"LEVY FIDELIX";"11"
"ARAIOSES";"LUCIANA GENRO";"25"
"ARAIOSES";"MARINA SILVA";"1448"
"ARAIOSES";"MAURO IASI";"8"
"ARAIOSES";"NULO";"1939"
"ARAIOSES";"PASTOR EVERALDO";"95"
"ARAIOSES";"ZÉ MARIA";"18"
"ARAME";"AÉCIO NEVES";"2325"
"ARAME";"BRANCO";"155"
"ARAME";"DILMA";"9454"
"ARAME";"EDUARDO JORGE";"37"
"ARAME";"EYMAEL";"6"
"ARAME";"LEVY FIDELIX";"10"
"ARAME";"LUCIANA GENRO";"7"
"ARAME";"MARINA SILVA";"1716"
"ARAME";"MAURO IASI";"2"
"ARAME";"NULO";"866"
"ARAME";"PASTOR EVERALDO";"59"
"ARAME";"ZÉ MARIA";"7"
"ARARI";"AÉCIO NEVES";"1271"
"ARARI";"BRANCO";"438"
"ARARI";"DILMA";"10817"
"ARARI";"EDUARDO JORGE";"14"
"ARARI";"EYMAEL";"6"
"ARARI";"LEVY FIDELIX";"31"
"ARARI";"LUCIANA GENRO";"33"
"ARARI";"MARINA SILVA";"2192"
"ARARI";"NULO";"854"
"ARARI";"PASTOR EVERALDO";"106"
"ARARI";"RUI COSTA PIMENTA";"1"
"ARARI";"ZÉ MARIA";"10"
"AXIXÁ";"AÉCIO NEVES";"354"
"AXIXÁ";"BRANCO";"134"
"AXIXÁ";"DILMA";"5656"
"AXIXÁ";"EDUARDO JORGE";"13"
"AXIXÁ";"EYMAEL";"2"
"AXIXÁ";"LEVY FIDELIX";"8"
"AXIXÁ";"LUCIANA GENRO";"14"
"AXIXÁ";"MARINA SILVA";"784"
"AXIXÁ";"NULO";"324"
"AXIXÁ";"PASTOR EVERALDO";"47"
"AXIXÁ";"ZÉ MARIA";"2"
"AÇAILÂNDIA";"AÉCIO NEVES";"13938"
"AÇAILÂNDIA";"BRANCO";"1786"
"AÇAILÂNDIA";"DILMA";"30189"
"AÇAILÂNDIA";"EDUARDO JORGE";"77"
"AÇAILÂNDIA";"EYMAEL";"17"
"AÇAILÂNDIA";"LEVY FIDELIX";"162"
"AÇAILÂNDIA";"LUCIANA GENRO";"337"
"AÇAILÂNDIA";"MARINA SILVA";"8005"
"AÇAILÂNDIA";"MAURO IASI";"26"
"AÇAILÂNDIA";"NULO";"2640"
"AÇAILÂNDIA";"PASTOR EVERALDO";"675"
"AÇAILÂNDIA";"RUI COSTA PIMENTA";"2"
"AÇAILÂNDIA";"ZÉ MARIA";"24"
"BACABAL";"AÉCIO NEVES";"5740"
"BACABAL";"BRANCO";"1101"
"BACABAL";"DILMA";"30599"
"BACABAL";"EDUARDO JORGE";"74"
"BACABAL";"EYMAEL";"10"
"BACABAL";"LEVY FIDELIX";"95"
"BACABAL";"LUCIANA GENRO";"106"
"BACABAL";"MARINA SILVA";"7774"
"BACABAL";"MAURO IASI";"17"
"BACABAL";"NULO";"2935"
"BACABAL";"PASTOR EVERALDO";"294"
"BACABAL";"RUI COSTA PIMENTA";"3"
"BACABAL";"ZÉ MARIA";"24"
"BACABEIRA";"AÉCIO NEVES";"456"
"BACABEIRA";"BRANCO";"313"
"BACABEIRA";"DILMA";"7589"
"BACABEIRA";"EDUARDO JORGE";"7"
"BACABEIRA";"EYMAEL";"1"
"BACABEIRA";"LEVY FIDELIX";"19"
"BACABEIRA";"LUCIANA GENRO";"10"
"BACABEIRA";"MARINA SILVA";"1132"
"BACABEIRA";"MAURO IASI";"2"
"BACABEIRA";"NULO";"563"
"BACABEIRA";"PASTOR EVERALDO";"39"
"BACABEIRA";"ZÉ MARIA";"8"
"BACURI";"AÉCIO NEVES";"543"
"BACURI";"BRANCO";"145"
"BACURI";"DILMA";"6621"
"BACURI";"EDUARDO JORGE";"13"
"BACURI";"EYMAEL";"7"
"BACURI";"LEVY FIDELIX";"7"
"BACURI";"LUCIANA GENRO";"14"
"BACURI";"MARINA SILVA";"1389"
"BACURI";"MAURO IASI";"1"
"BACURI";"NULO";"568"
"BACURI";"PASTOR EVERALDO";"49"
"BACURI";"RUI COSTA PIMENTA";"1"
"BACURI";"ZÉ MARIA";"4"
"BACURITUBA";"AÉCIO NEVES";"193"
"BACURITUBA";"BRANCO";"67"
"BACURITUBA";"DILMA";"2772"
"BACURITUBA";"EDUARDO JORGE";"5"
"BACURITUBA";"LEVY FIDELIX";"6"
"BACURITUBA";"LUCIANA GENRO";"3"
"BACURITUBA";"MARINA SILVA";"464"
"BACURITUBA";"MAURO IASI";"2"
"BACURITUBA";"NULO";"205"
"BACURITUBA";"PASTOR EVERALDO";"3"
"BACURITUBA";"ZÉ MARIA";"3"
"BALSAS";"AÉCIO NEVES";"9266"
"BALSAS";"BRANCO";"1061"
"BALSAS";"DILMA";"23120"
"BALSAS";"EDUARDO JORGE";"48"
"BALSAS";"EYMAEL";"13"
"BALSAS";"LEVY FIDELIX";"88"
"BALSAS";"LUCIANA GENRO";"131"
"BALSAS";"MARINA SILVA";"7106"
"BALSAS";"MAURO IASI";"9"
"BALSAS";"NULO";"2193"
"BALSAS";"PASTOR EVERALDO";"426"
"BALSAS";"RUI COSTA PIMENTA";"2"
"BALSAS";"ZÉ MARIA";"32"
"BARRA DO CORDA";"AÉCIO NEVES";"5866"
"BARRA DO CORDA";"BRANCO";"1037"
"BARRA DO CORDA";"DILMA";"25835"
"BARRA DO CORDA";"EDUARDO JORGE";"105"
"BARRA DO CORDA";"EYMAEL";"68"
"BARRA DO CORDA";"LEVY FIDELIX";"51"
"BARRA DO CORDA";"LUCIANA GENRO";"56"
"BARRA DO CORDA";"MARINA SILVA";"5025"
"BARRA DO CORDA";"MAURO IASI";"21"
"BARRA DO CORDA";"NULO";"2567"
"BARRA DO CORDA";"PASTOR EVERALDO";"222"
"BARRA DO CORDA";"RUI COSTA PIMENTA";"1"
"BARRA DO CORDA";"ZÉ MARIA";"13"
"BARREIRINHAS";"AÉCIO NEVES";"1680"
"BARREIRINHAS";"BRANCO";"346"
"BARREIRINHAS";"DILMA";"23444"
"BARREIRINHAS";"EDUARDO JORGE";"39"
"BARREIRINHAS";"EYMAEL";"19"
"BARREIRINHAS";"LEVY FIDELIX";"35"
"BARREIRINHAS";"LUCIANA GENRO";"39"
"BARREIRINHAS";"MARINA SILVA";"2746"
"BARREIRINHAS";"MAURO IASI";"22"
"BARREIRINHAS";"NULO";"1477"
"BARREIRINHAS";"PASTOR EVERALDO";"111"
"BARREIRINHAS";"ZÉ MARIA";"11"
"BARÃO DE GRAJAÚ";"AÉCIO NEVES";"982"
"BARÃO DE GRAJAÚ";"BRANCO";"204"
"BARÃO DE GRAJAÚ";"DILMA";"7120"
"BARÃO DE GRAJAÚ";"EDUARDO JORGE";"27"
"BARÃO DE GRAJAÚ";"EYMAEL";"4"
"BARÃO DE GRAJAÚ";"LEVY FIDELIX";"28"
"BARÃO DE GRAJAÚ";"LUCIANA GENRO";"22"
"BARÃO DE GRAJAÚ";"MARINA SILVA";"820"
"BARÃO DE GRAJAÚ";"MAURO IASI";"2"
"BARÃO DE GRAJAÚ";"NULO";"796"
"BARÃO DE GRAJAÚ";"PASTOR EVERALDO";"18"
"BARÃO DE GRAJAÚ";"RUI COSTA PIMENTA";"1"
"BARÃO DE GRAJAÚ";"ZÉ MARIA";"12"
"BELA VISTA DO MARANHÃO";"AÉCIO NEVES";"341"
"BELA VISTA DO MARANHÃO";"BRANCO";"87"
"BELA VISTA DO MARANHÃO";"DILMA";"4879"
"BELA VISTA DO MARANHÃO";"EDUARDO JORGE";"9"
"BELA VISTA DO MARANHÃO";"EYMAEL";"2"
"BELA VISTA DO MARANHÃO";"LEVY FIDELIX";"11"
"BELA VISTA DO MARANHÃO";"LUCIANA GENRO";"5"
"BELA VISTA DO MARANHÃO";"MARINA SILVA";"688"
"BELA VISTA DO MARANHÃO";"NULO";"368"
"BELA VISTA DO MARANHÃO";"PASTOR EVERALDO";"25"
"BELA VISTA DO MARANHÃO";"ZÉ MARIA";"4"
"BELÁGUA";"AÉCIO NEVES";"81"
"BELÁGUA";"BRANCO";"44"
"BELÁGUA";"DILMA";"3593"
"BELÁGUA";"EDUARDO JORGE";"4"
"BELÁGUA";"EYMAEL";"10"
"BELÁGUA";"LEVY FIDELIX";"4"
"BELÁGUA";"LUCIANA GENRO";"6"
"BELÁGUA";"MARINA SILVA";"174"
"BELÁGUA";"NULO";"345"
"BELÁGUA";"PASTOR EVERALDO";"27"
"BELÁGUA";"ZÉ MARIA";"1"
"BENEDITO LEITE";"AÉCIO NEVES";"314"
"BENEDITO LEITE";"BRANCO";"46"
"BENEDITO LEITE";"DILMA";"1950"
"BENEDITO LEITE";"EDUARDO JORGE";"8"
"BENEDITO LEITE";"EYMAEL";"1"
"BENEDITO LEITE";"LUCIANA GENRO";"8"
"BENEDITO LEITE";"MARINA SILVA";"288"
"BENEDITO LEITE";"MAURO IASI";"1"
"BENEDITO LEITE";"NULO";"281"
"BENEDITO LEITE";"PASTOR EVERALDO";"3"
"BEQUIMÃO";"AÉCIO NEVES";"656"
"BEQUIMÃO";"BRANCO";"378"
"BEQUIMÃO";"DILMA";"8015"
"BEQUIMÃO";"EDUARDO JORGE";"46"
"BEQUIMÃO";"EYMAEL";"4"
"BEQUIMÃO";"LEVY FIDELIX";"12"
"BEQUIMÃO";"LUCIANA GENRO";"19"
"BEQUIMÃO";"MARINA SILVA";"2087"
"BEQUIMÃO";"MAURO IASI";"7"
"BEQUIMÃO";"NULO";"737"
"BEQUIMÃO";"PASTOR EVERALDO";"49"
"BEQUIMÃO";"ZÉ MARIA";"16"
"BERNARDO DO MEARIM";"AÉCIO NEVES";"243"
"BERNARDO DO MEARIM";"BRANCO";"41"
"BERNARDO DO MEARIM";"DILMA";"2739"
"BERNARDO DO MEARIM";"EDUARDO JORGE";"1"
"BERNARDO DO MEARIM";"LEVY FIDELIX";"1"
"BERNARDO DO MEARIM";"LUCIANA GENRO";"3"
"BERNARDO DO MEARIM";"MARINA SILVA";"354"
"BERNARDO DO MEARIM";"NULO";"247"
"BERNARDO DO MEARIM";"PASTOR EVERALDO";"10"
"BERNARDO DO MEARIM";"ZÉ MARIA";"1"
"BOA VISTA DO GURUPI";"AÉCIO NEVES";"357"
"BOA VISTA DO GURUPI";"BRANCO";"24"
"BOA VISTA DO GURUPI";"DILMA";"2681"
"BOA VISTA DO GURUPI";"EDUARDO JORGE";"5"
"BOA VISTA DO GURUPI";"EYMAEL";"10"
"BOA VISTA DO GURUPI";"LEVY FIDELIX";"5"
"BOA VISTA DO GURUPI";"LUCIANA GENRO";"3"
"BOA VISTA DO GURUPI";"MARINA SILVA";"446"
"BOA VISTA DO GURUPI";"MAURO IASI";"1"
"BOA VISTA DO GURUPI";"NULO";"179"
"BOA VISTA DO GURUPI";"PASTOR EVERALDO";"57"
"BOA VISTA DO GURUPI";"ZÉ MARIA";"3"
"BOM JARDIM";"AÉCIO NEVES";"1477"
"BOM JARDIM";"BRANCO";"363"
"BOM JARDIM";"DILMA";"12929"
"BOM JARDIM";"EDUARDO JORGE";"25"
"BOM JARDIM";"EYMAEL";"8"
"BOM JARDIM";"LEVY FIDELIX";"29"
"BOM JARDIM";"LUCIANA GENRO";"24"
"BOM JARDIM";"MARINA SILVA";"1819"
"BOM JARDIM";"MAURO IASI";"4"
"BOM JARDIM";"NULO";"1476"
"BOM JARDIM";"PASTOR EVERALDO";"115"
"BOM JARDIM";"RUI COSTA PIMENTA";"1"
"BOM JARDIM";"ZÉ MARIA";"12"
"BOM JESUS DAS SELVAS";"AÉCIO NEVES";"1729"
"BOM JESUS DAS SELVAS";"BRANCO";"149"
"BOM JESUS DAS SELVAS";"DILMA";"8550"
"BOM JESUS DAS SELVAS";"EDUARDO JORGE";"11"
"BOM JESUS DAS SELVAS";"EYMAEL";"6"
"BOM JESUS DAS SELVAS";"LEVY FIDELIX";"16"
"BOM JESUS DAS SELVAS";"LUCIANA GENRO";"10"
"BOM JESUS DAS SELVAS";"MARINA SILVA";"1004"
"BOM JESUS DAS SELVAS";"MAURO IASI";"1"
"BOM JESUS DAS SELVAS";"NULO";"852"
"BOM JESUS DAS SELVAS";"PASTOR EVERALDO";"92"
"BOM LUGAR";"AÉCIO NEVES";"718"
"BOM LUGAR";"BRANCO";"73"
"BOM LUGAR";"DILMA";"5532"
"BOM LUGAR";"EDUARDO JORGE";"14"
"BOM LUGAR";"EYMAEL";"1"
"BOM LUGAR";"LEVY FIDELIX";"5"
"BOM LUGAR";"LUCIANA GENRO";"4"
"BOM LUGAR";"MARINA SILVA";"562"
"BOM LUGAR";"MAURO IASI";"1"
"BOM LUGAR";"NULO";"434"
"BOM LUGAR";"PASTOR EVERALDO";"43"
"BOM LUGAR";"ZÉ MARIA";"3"
"BREJO";"AÉCIO NEVES";"1398"
"BREJO";"BRANCO";"353"
"BREJO";"DILMA";"13134"
"BREJO";"EDUARDO JORGE";"46"
"BREJO";"EYMAEL";"10"
"BREJO";"LEVY FIDELIX";"48"
"BREJO";"LUCIANA GENRO";"16"
"BREJO";"MARINA SILVA";"1514"
"BREJO";"MAURO IASI";"5"
"BREJO";"NULO";"1232"
"BREJO";"PASTOR EVERALDO";"20"
"BREJO";"ZÉ MARIA";"6"
"BREJO DE AREIA";"AÉCIO NEVES";"587"
"BREJO DE AREIA";"BRANCO";"96"
"BREJO DE AREIA";"DILMA";"3085"
"BREJO DE AREIA";"EDUARDO JORGE";"4"
"BREJO DE AREIA";"EYMAEL";"1"
"BREJO DE AREIA";"LUCIANA GENRO";"4"
"BREJO DE AREIA";"MARINA SILVA";"425"
"BREJO DE AREIA";"NULO";"511"
"BREJO DE AREIA";"PASTOR EVERALDO";"28"
"BREJO DE AREIA";"ZÉ MARIA";"1"
"BURITI";"AÉCIO NEVES";"869"
"BURITI";"BRANCO";"310"
"BURITI";"DILMA";"10601"
"BURITI";"EDUARDO JORGE";"25"
"BURITI";"EYMAEL";"23"
"BURITI";"LEVY FIDELIX";"14"
"BURITI";"LUCIANA GENRO";"18"
"BURITI";"MARINA SILVA";"1228"
"BURITI";"MAURO IASI";"6"
"BURITI";"NULO";"1208"
"BURITI";"PASTOR EVERALDO";"47"
"BURITI";"ZÉ MARIA";"8"
"BURITI BRAVO";"AÉCIO NEVES";"726"
"BURITI BRAVO";"BRANCO";"118"
"BURITI BRAVO";"DILMA";"8253"
"BURITI BRAVO";"EDUARDO JORGE";"8"
"BURITI BRAVO";"EYMAEL";"2"
"BURITI BRAVO";"LEVY FIDELIX";"14"
"BURITI BRAVO";"LUCIANA GENRO";"5"
"BURITI BRAVO";"MARINA SILVA";"902"
"BURITI BRAVO";"MAURO IASI";"1"
"BURITI BRAVO";"NULO";"1084"
"BURITI BRAVO";"PASTOR EVERALDO";"66"
"BURITI BRAVO";"ZÉ MARIA";"3"
"BURITICUPU";"AÉCIO NEVES";"3472"
"BURITICUPU";"BRANCO";"470"
"BURITICUPU";"DILMA";"20280"
"BURITICUPU";"EDUARDO JORGE";"17"
"BURITICUPU";"EYMAEL";"11"
"BURITICUPU";"LEVY FIDELIX";"32"
"BURITICUPU";"LUCIANA GENRO";"35"
"BURITICUPU";"MARINA SILVA";"2655"
"BURITICUPU";"MAURO IASI";"6"
"BURITICUPU";"NULO";"1820"
"BURITICUPU";"PASTOR EVERALDO";"281"
"BURITICUPU";"RUI COSTA PIMENTA";"2"
"BURITICUPU";"ZÉ MARIA";"5"
"BURITIRANA";"AÉCIO NEVES";"1003"
"BURITIRANA";"BRANCO";"148"
"BURITIRANA";"DILMA";"4528"
"BURITIRANA";"EDUARDO JORGE";"5"
"BURITIRANA";"EYMAEL";"3"
"BURITIRANA";"LEVY FIDELIX";"13"
"BURITIRANA";"LUCIANA GENRO";"8"
"BURITIRANA";"MARINA SILVA";"909"
"BURITIRANA";"MAURO IASI";"2"
"BURITIRANA";"NULO";"661"
"BURITIRANA";"PASTOR EVERALDO";"77"
"BURITIRANA";"ZÉ MARIA";"5"
"CACHOEIRA GRANDE";"AÉCIO NEVES";"150"
"CACHOEIRA GRANDE";"BRANCO";"71"
"CACHOEIRA GRANDE";"DILMA";"3835"
"CACHOEIRA GRANDE";"EDUARDO JORGE";"13"
"CACHOEIRA GRANDE";"EYMAEL";"11"
"CACHOEIRA GRANDE";"LEVY FIDELIX";"5"
"CACHOEIRA GRANDE";"LUCIANA GENRO";"1"
"CACHOEIRA GRANDE";"MARINA SILVA";"433"
"CACHOEIRA GRANDE";"MAURO IASI";"3"
"CACHOEIRA GRANDE";"NULO";"322"
"CACHOEIRA GRANDE";"PASTOR EVERALDO";"42"
"CACHOEIRA GRANDE";"ZÉ MARIA";"7"
"CAJAPIÓ";"AÉCIO NEVES";"219"
"CAJAPIÓ";"BRANCO";"155"
"CAJAPIÓ";"DILMA";"4731"
"CAJAPIÓ";"EDUARDO JORGE";"29"
"CAJAPIÓ";"EYMAEL";"15"
"CAJAPIÓ";"LEVY FIDELIX";"7"
"CAJAPIÓ";"LUCIANA GENRO";"12"
"CAJAPIÓ";"MARINA SILVA";"511"
"CAJAPIÓ";"MAURO IASI";"3"
"CAJAPIÓ";"NULO";"386"
"CAJAPIÓ";"PASTOR EVERALDO";"37"
"CAJAPIÓ";"RUI COSTA PIMENTA";"1"
"CAJAPIÓ";"ZÉ MARIA";"5"
"CAJARI";"AÉCIO NEVES";"250"
"CAJARI";"BRANCO";"161"
"CAJARI";"DILMA";"8248"
"CAJARI";"EDUARDO JORGE";"8"
"CAJARI";"EYMAEL";"7"
"CAJARI";"LEVY FIDELIX";"10"
"CAJARI";"LUCIANA GENRO";"13"
"CAJARI";"MARINA SILVA";"838"
"CAJARI";"MAURO IASI";"4"
"CAJARI";"NULO";"664"
"CAJARI";"PASTOR EVERALDO";"41"
"CAJARI";"ZÉ MARIA";"5"
"CAMPESTRE DO MARANHÃO";"AÉCIO NEVES";"643"
"CAMPESTRE DO MARANHÃO";"BRANCO";"96"
"CAMPESTRE DO MARANHÃO";"DILMA";"5039"
"CAMPESTRE DO MARANHÃO";"EDUARDO JORGE";"1"
"CAMPESTRE DO MARANHÃO";"LEVY FIDELIX";"8"
"CAMPESTRE DO MARANHÃO";"LUCIANA GENRO";"5"
"CAMPESTRE DO MARANHÃO";"MARINA SILVA";"551"
"CAMPESTRE DO MARANHÃO";"NULO";"316"
"CAMPESTRE DO MARANHÃO";"PASTOR EVERALDO";"77"
"CAMPESTRE DO MARANHÃO";"ZÉ MARIA";"4"
"CANTANHEDE";"AÉCIO NEVES";"424"
"CANTANHEDE";"BRANCO";"101"
"CANTANHEDE";"DILMA";"6712"
"CANTANHEDE";"EDUARDO JORGE";"20"
"CANTANHEDE";"EYMAEL";"15"
"CANTANHEDE";"LEVY FIDELIX";"9"
"CANTANHEDE";"LUCIANA GENRO";"9"
"CANTANHEDE";"MARINA SILVA";"919"
"CANTANHEDE";"MAURO IASI";"3"
"CANTANHEDE";"NULO";"678"
"CANTANHEDE";"PASTOR EVERALDO";"13"
"CANTANHEDE";"RUI COSTA PIMENTA";"1"
"CANTANHEDE";"ZÉ MARIA";"11"
"CAPINZAL DO NORTE";"AÉCIO NEVES";"446"
"CAPINZAL DO NORTE";"BRANCO";"128"
"CAPINZAL DO NORTE";"DILMA";"3855"
"CAPINZAL DO NORTE";"EDUARDO JORGE";"16"
"CAPINZAL DO NORTE";"EYMAEL";"2"
"CAPINZAL DO NORTE";"LEVY FIDELIX";"5"
"CAPINZAL DO NORTE";"LUCIANA GENRO";"9"
"CAPINZAL DO NORTE";"MARINA SILVA";"1246"
"CAPINZAL DO NORTE";"MAURO IASI";"1"
"CAPINZAL DO NORTE";"NULO";"551"
"CAPINZAL DO NORTE";"PASTOR EVERALDO";"17"
"CAPINZAL DO NORTE";"RUI COSTA PIMENTA";"1"
"CAPINZAL DO NORTE";"ZÉ MARIA";"1"
"CAROLINA";"AÉCIO NEVES";"1848"
"CAROLINA";"BRANCO";"206"
"CAROLINA";"DILMA";"7560"
"CAROLINA";"EDUARDO JORGE";"25"
"CAROLINA";"EYMAEL";"10"
"CAROLINA";"LEVY FIDELIX";"16"
"CAROLINA";"LUCIANA GENRO";"29"
"CAROLINA";"MARINA SILVA";"1656"
"CAROLINA";"MAURO IASI";"2"
"CAROLINA";"NULO";"872"
"CAROLINA";"PASTOR EVERALDO";"50"
"CAROLINA";"ZÉ MARIA";"8"
"CARUTAPERA";"AÉCIO NEVES";"1163"
"CARUTAPERA";"BRANCO";"194"
"CARUTAPERA";"DILMA";"7739"
"CARUTAPERA";"EDUARDO JORGE";"17"
"CARUTAPERA";"EYMAEL";"44"
"CARUTAPERA";"LEVY FIDELIX";"7"
"CARUTAPERA";"LUCIANA GENRO";"28"
"CARUTAPERA";"MARINA SILVA";"1725"
"CARUTAPERA";"MAURO IASI";"2"
"CARUTAPERA";"NULO";"688"
"CARUTAPERA";"PASTOR EVERALDO";"126"
"CARUTAPERA";"RUI COSTA PIMENTA";"1"
"CARUTAPERA";"ZÉ MARIA";"8"
"CAXIAS";"AÉCIO NEVES";"5633"
"CAXIAS";"BRANCO";"1608"
"CAXIAS";"DILMA";"52689"
"CAXIAS";"EDUARDO JORGE";"86"
"CAXIAS";"EYMAEL";"91"
"CAXIAS";"LEVY FIDELIX";"122"
"CAXIAS";"LUCIANA GENRO";"311"
"CAXIAS";"MARINA SILVA";"11629"
"CAXIAS";"MAURO IASI";"30"
"CAXIAS";"NULO";"5420"
"CAXIAS";"PASTOR EVERALDO";"335"
"CAXIAS";"RUI COSTA PIMENTA";"4"
"CAXIAS";"ZÉ MARIA";"100"
"CEDRAL";"AÉCIO NEVES";"191"
"CEDRAL";"BRANCO";"175"
"CEDRAL";"DILMA";"4428"
"CEDRAL";"EDUARDO JORGE";"3"
"CEDRAL";"EYMAEL";"3"
"CEDRAL";"LEVY FIDELIX";"11"
"CEDRAL";"LUCIANA GENRO";"10"
"CEDRAL";"MARINA SILVA";"824"
"CEDRAL";"MAURO IASI";"2"
"CEDRAL";"NULO";"263"
"CEDRAL";"PASTOR EVERALDO";"41"
"CEDRAL";"ZÉ MARIA";"3"
"CENTRAL DO MARANHÃO";"AÉCIO NEVES";"98"
"CENTRAL DO MARANHÃO";"BRANCO";"61"
"CENTRAL DO MARANHÃO";"DILMA";"3320"
"CENTRAL DO MARANHÃO";"EDUARDO JORGE";"3"
"CENTRAL DO MARANHÃO";"EYMAEL";"1"
"CENTRAL DO MARANHÃO";"LEVY FIDELIX";"7"
"CENTRAL DO MARANHÃO";"LUCIANA GENRO";"4"
"CENTRAL DO MARANHÃO";"MARINA SILVA";"271"
"CENTRAL DO MARANHÃO";"MAURO IASI";"1"
"CENTRAL DO MARANHÃO";"NULO";"324"
"CENTRAL DO MARANHÃO";"PASTOR EVERALDO";"17"
"CENTRAL DO MARANHÃO";"ZÉ MARIA";"3"
"CENTRO DO GUILHERME";"AÉCIO NEVES";"325"
"CENTRO DO GUILHERME";"BRANCO";"46"
"CENTRO DO GUILHERME";"DILMA";"4098"
"CENTRO DO GUILHERME";"EDUARDO JORGE";"3"
"CENTRO DO GUILHERME";"EYMAEL";"1"
"CENTRO DO GUILHERME";"LEVY FIDELIX";"2"
"CENTRO DO GUILHERME";"LUCIANA GENRO";"1"
"CENTRO DO GUILHERME";"MARINA SILVA";"306"
"CENTRO DO GUILHERME";"MAURO IASI";"1"
"CENTRO DO GUILHERME";"NULO";"297"
"CENTRO DO GUILHERME";"PASTOR EVERALDO";"27"
"CENTRO NOVO DO MARANHÃO";"AÉCIO NEVES";"517"
"CENTRO NOVO DO MARANHÃO";"BRANCO";"60"
"CENTRO NOVO DO MARANHÃO";"DILMA";"5527"
"CENTRO NOVO DO MARANHÃO";"EDUARDO JORGE";"7"
"CENTRO NOVO DO MARANHÃO";"EYMAEL";"5"
"CENTRO NOVO DO MARANHÃO";"LEVY FIDELIX";"10"
"CENTRO NOVO DO MARANHÃO";"MARINA SILVA";"647"
"CENTRO NOVO DO MARANHÃO";"MAURO IASI";"2"
"CENTRO NOVO DO MARANHÃO";"NULO";"535"
"CENTRO NOVO DO MARANHÃO";"PASTOR EVERALDO";"48"
"CENTRO NOVO DO MARANHÃO";"ZÉ MARIA";"4"
"CHAPADINHA";"AÉCIO NEVES";"2947"
"CHAPADINHA";"BRANCO";"875"
"CHAPADINHA";"DILMA";"27443"
"CHAPADINHA";"EDUARDO JORGE";"44"
"CHAPADINHA";"EYMAEL";"82"
"CHAPADINHA";"LEVY FIDELIX";"38"
"CHAPADINHA";"LUCIANA GENRO";"76"
"CHAPADINHA";"MARINA SILVA";"4226"
"CHAPADINHA";"MAURO IASI";"16"
"CHAPADINHA";"NULO";"2207"
"CHAPADINHA";"PASTOR EVERALDO";"107"
"CHAPADINHA";"RUI COSTA PIMENTA";"1"
"CHAPADINHA";"ZÉ MARIA";"23"
"CIDELÂNDIA";"AÉCIO NEVES";"1047"
"CIDELÂNDIA";"BRANCO";"153"
"CIDELÂNDIA";"DILMA";"4879"
"CIDELÂNDIA";"EDUARDO JORGE";"6"
"CIDELÂNDIA";"EYMAEL";"8"
"CIDELÂNDIA";"LEVY FIDELIX";"8"
"CIDELÂNDIA";"LUCIANA GENRO";"13"
"CIDELÂNDIA";"MARINA SILVA";"700"
"CIDELÂNDIA";"NULO";"393"
"CIDELÂNDIA";"PASTOR EVERALDO";"55"
"CODÓ";"AÉCIO NEVES";"4359"
"CODÓ";"BRANCO";"1093"
"CODÓ";"DILMA";"32973"
"CODÓ";"EDUARDO JORGE";"100"
"CODÓ";"EYMAEL";"18"
"CODÓ";"LEVY FIDELIX";"76"
"CODÓ";"LUCIANA GENRO";"160"
"CODÓ";"MARINA SILVA";"8100"
"CODÓ";"MAURO IASI";"11"
"CODÓ";"NULO";"4070"
"CODÓ";"PASTOR EVERALDO";"210"
"CODÓ";"RUI COSTA PIMENTA";"3"
"CODÓ";"ZÉ MARIA";"28"
"COELHO NETO";"AÉCIO NEVES";"1704"
"COELHO NETO";"BRANCO";"418"
"COELHO NETO";"DILMA";"16763"
"COELHO NETO";"EDUARDO JORGE";"24"
"COELHO NETO";"EYMAEL";"7"
"COELHO NETO";"LEVY FIDELIX";"14"
"COELHO NETO";"LUCIANA GENRO";"45"
"COELHO NETO";"MARINA SILVA";"2813"
"COELHO NETO";"MAURO IASI";"3"
"COELHO NETO";"NULO";"1731"
"COELHO NETO";"PASTOR EVERALDO";"74"
"COELHO NETO";"RUI COSTA PIMENTA";"1"
"COELHO NETO";"ZÉ MARIA";"19"
"COLINAS";"AÉCIO NEVES";"1693"
"COLINAS";"BRANCO";"277"
"COLINAS";"DILMA";"13821"
"COLINAS";"EDUARDO JORGE";"34"
"COLINAS";"EYMAEL";"5"
"COLINAS";"LEVY FIDELIX";"18"
"COLINAS";"LUCIANA GENRO";"29"
"COLINAS";"MARINA SILVA";"1134"
"COLINAS";"MAURO IASI";"1"
"COLINAS";"NULO";"1457"
"COLINAS";"PASTOR EVERALDO";"61"
"COLINAS";"ZÉ MARIA";"9"
"CONCEIÇÃO DO LAGO-AÇU";"AÉCIO NEVES";"380"
"CONCEIÇÃO DO LAGO-AÇU";"BRANCO";"90"
"CONCEIÇÃO DO LAGO-AÇU";"DILMA";"5360"
"CONCEIÇÃO DO LAGO-AÇU";"EDUARDO JORGE";"6"
"CONCEIÇÃO DO LAGO-AÇU";"LEVY FIDELIX";"8"
"CONCEIÇÃO DO LAGO-AÇU";"LUCIANA GENRO";"6"
"CONCEIÇÃO DO LAGO-AÇU";"MARINA SILVA";"815"
"CONCEIÇÃO DO LAGO-AÇU";"NULO";"649"
"CONCEIÇÃO DO LAGO-AÇU";"PASTOR EVERALDO";"143"
"CONCEIÇÃO DO LAGO-AÇU";"RUI COSTA PIMENTA";"1"
"CONCEIÇÃO DO LAGO-AÇU";"ZÉ MARIA";"2"
"COROATÁ";"AÉCIO NEVES";"2392"
"COROATÁ";"BRANCO";"452"
"COROATÁ";"DILMA";"21777"
"COROATÁ";"EDUARDO JORGE";"104"
"COROATÁ";"EYMAEL";"16"
"COROATÁ";"LEVY FIDELIX";"21"
"COROATÁ";"LUCIANA GENRO";"62"
"COROATÁ";"MARINA SILVA";"3820"
"COROATÁ";"MAURO IASI";"8"
"COROATÁ";"NULO";"2675"
"COROATÁ";"PASTOR EVERALDO";"103"
"COROATÁ";"RUI COSTA PIMENTA";"1"
"COROATÁ";"ZÉ MARIA";"23"
"CURURUPU";"AÉCIO NEVES";"776"
"CURURUPU";"BRANCO";"447"
"CURURUPU";"DILMA";"12079"
"CURURUPU";"EDUARDO JORGE";"24"
"CURURUPU";"EYMAEL";"10"
"CURURUPU";"LEVY FIDELIX";"33"
"CURURUPU";"LUCIANA GENRO";"20"
"CURURUPU";"MARINA SILVA";"1841"
"CURURUPU";"MAURO IASI";"1"
"CURURUPU";"NULO";"931"
"CURURUPU";"PASTOR EVERALDO";"116"
"CURURUPU";"ZÉ MARIA";"13"
"CÂNDIDO MENDES";"AÉCIO NEVES";"689"
"CÂNDIDO MENDES";"BRANCO";"127"
"CÂNDIDO MENDES";"DILMA";"6923"
"CÂNDIDO MENDES";"EDUARDO JORGE";"17"
"CÂNDIDO MENDES";"EYMAEL";"7"
"CÂNDIDO MENDES";"LEVY FIDELIX";"14"
"CÂNDIDO MENDES";"LUCIANA GENRO";"8"
"CÂNDIDO MENDES";"MARINA SILVA";"1716"
"CÂNDIDO MENDES";"MAURO IASI";"4"
"CÂNDIDO MENDES";"NULO";"617"
"CÂNDIDO MENDES";"PASTOR EVERALDO";"71"
"CÂNDIDO MENDES";"ZÉ MARIA";"4"
"DAVINÓPOLIS";"AÉCIO NEVES";"843"
"DAVINÓPOLIS";"BRANCO";"143"
"DAVINÓPOLIS";"DILMA";"4733"
"DAVINÓPOLIS";"EDUARDO JORGE";"8"
"DAVINÓPOLIS";"EYMAEL";"1"
"DAVINÓPOLIS";"LEVY FIDELIX";"13"
"DAVINÓPOLIS";"LUCIANA GENRO";"18"
"DAVINÓPOLIS";"MARINA SILVA";"1602"
"DAVINÓPOLIS";"NULO";"277"
"DAVINÓPOLIS";"PASTOR EVERALDO";"39"
"DAVINÓPOLIS";"ZÉ MARIA";"1"
"DOM PEDRO";"AÉCIO NEVES";"1798"
"DOM PEDRO";"BRANCO";"263"
"DOM PEDRO";"DILMA";"8853"
"DOM PEDRO";"EDUARDO JORGE";"13"
"DOM PEDRO";"EYMAEL";"2"
"DOM PEDRO";"LEVY FIDELIX";"20"
"DOM PEDRO";"LUCIANA GENRO";"26"
"DOM PEDRO";"MARINA SILVA";"1769"
"DOM PEDRO";"MAURO IASI";"2"
"DOM PEDRO";"NULO";"739"
"DOM PEDRO";"PASTOR EVERALDO";"13"
"DOM PEDRO";"ZÉ MARIA";"5"
"DUQUE BACELAR";"AÉCIO NEVES";"306"
"DUQUE BACELAR";"BRANCO";"79"
"DUQUE BACELAR";"DILMA";"4813"
"DUQUE BACELAR";"EDUARDO JORGE";"3"
"DUQUE BACELAR";"EYMAEL";"8"
"DUQUE BACELAR";"LEVY FIDELIX";"2"
"DUQUE BACELAR";"LUCIANA GENRO";"21"
"DUQUE BACELAR";"MARINA SILVA";"686"
"DUQUE BACELAR";"MAURO IASI";"2"
"DUQUE BACELAR";"NULO";"516"
"DUQUE BACELAR";"PASTOR EVERALDO";"5"
"DUQUE BACELAR";"RUI COSTA PIMENTA";"2"
"DUQUE BACELAR";"ZÉ MARIA";"5"
"ESPERANTINÓPOLIS";"AÉCIO NEVES";"744"
"ESPERANTINÓPOLIS";"BRANCO";"178"
"ESPERANTINÓPOLIS";"DILMA";"7455"
"ESPERANTINÓPOLIS";"EDUARDO JORGE";"8"
"ESPERANTINÓPOLIS";"EYMAEL";"3"
"ESPERANTINÓPOLIS";"LEVY FIDELIX";"11"
"ESPERANTINÓPOLIS";"LUCIANA GENRO";"8"
"ESPERANTINÓPOLIS";"MARINA SILVA";"784"
"ESPERANTINÓPOLIS";"NULO";"780"
"ESPERANTINÓPOLIS";"PASTOR EVERALDO";"48"
"ESPERANTINÓPOLIS";"ZÉ MARIA";"3"
"ESTREITO";"AÉCIO NEVES";"3644"
"ESTREITO";"BRANCO";"211"
"ESTREITO";"DILMA";"8840"
"ESTREITO";"EDUARDO JORGE";"4"
"ESTREITO";"EYMAEL";"4"
"ESTREITO";"LEVY FIDELIX";"24"
"ESTREITO";"LUCIANA GENRO";"44"
"ESTREITO";"MARINA SILVA";"2214"
"ESTREITO";"MAURO IASI";"3"
"ESTREITO";"NULO";"951"
"ESTREITO";"PASTOR EVERALDO";"116"
"ESTREITO";"RUI COSTA PIMENTA";"1"
"ESTREITO";"ZÉ MARIA";"7"
"FEIRA NOVA DO MARANHÃO";"AÉCIO NEVES";"1099"
"FEIRA NOVA DO MARANHÃO";"BRANCO";"49"
"FEIRA NOVA DO MARANHÃO";"DILMA";"2559"
"FEIRA NOVA DO MARANHÃO";"EDUARDO JORGE";"15"
"FEIRA NOVA DO MARANHÃO";"LEVY FIDELIX";"10"
"FEIRA NOVA DO MARANHÃO";"LUCIANA GENRO";"1"
"FEIRA NOVA DO MARANHÃO";"MARINA SILVA";"355"
"FEIRA NOVA DO MARANHÃO";"MAURO IASI";"1"
"FEIRA NOVA DO MARANHÃO";"NULO";"307"
"FEIRA NOVA DO MARANHÃO";"PASTOR EVERALDO";"35"
"FEIRA NOVA DO MARANHÃO";"ZÉ MARIA";"1"
"FERNANDO FALCÃO";"AÉCIO NEVES";"440"
"FERNANDO FALCÃO";"BRANCO";"54"
"FERNANDO FALCÃO";"DILMA";"3829"
"FERNANDO FALCÃO";"EDUARDO JORGE";"10"
"FERNANDO FALCÃO";"EYMAEL";"4"
"FERNANDO FALCÃO";"LEVY FIDELIX";"2"
"FERNANDO FALCÃO";"LUCIANA GENRO";"1"
"FERNANDO FALCÃO";"MARINA SILVA";"607"
"FERNANDO FALCÃO";"MAURO IASI";"2"
"FERNANDO FALCÃO";"NULO";"282"
"FERNANDO FALCÃO";"PASTOR EVERALDO";"21"
"FERNANDO FALCÃO";"ZÉ MARIA";"4"
"FORMOSA DA SERRA NEGRA";"AÉCIO NEVES";"1506"
"FORMOSA DA SERRA NEGRA";"BRANCO";"64"
"FORMOSA DA SERRA NEGRA";"DILMA";"5753"
"FORMOSA DA SERRA NEGRA";"EDUARDO JORGE";"10"
"FORMOSA DA SERRA NEGRA";"EYMAEL";"3"
"FORMOSA DA SERRA NEGRA";"LEVY FIDELIX";"8"
"FORMOSA DA SERRA NEGRA";"LUCIANA GENRO";"12"
"FORMOSA DA SERRA NEGRA";"MARINA SILVA";"1165"
"FORMOSA DA SERRA NEGRA";"MAURO IASI";"1"
"FORMOSA DA SERRA NEGRA";"NULO";"392"
"FORMOSA DA SERRA NEGRA";"PASTOR EVERALDO";"71"
"FORMOSA DA SERRA NEGRA";"ZÉ MARIA";"7"
"FORTALEZA DOS NOGUEIRAS";"AÉCIO NEVES";"1281"
"FORTALEZA DOS NOGUEIRAS";"BRANCO";"165"
"FORTALEZA DOS NOGUEIRAS";"DILMA";"4677"
"FORTALEZA DOS NOGUEIRAS";"EDUARDO JORGE";"25"
"FORTALEZA DOS NOGUEIRAS";"EYMAEL";"2"
"FORTALEZA DOS NOGUEIRAS";"LEVY FIDELIX";"8"
"FORTALEZA DOS NOGUEIRAS";"LUCIANA GENRO";"6"
"FORTALEZA DOS NOGUEIRAS";"MARINA SILVA";"560"
"FORTALEZA DOS NOGUEIRAS";"MAURO IASI";"1"
"FORTALEZA DOS NOGUEIRAS";"NULO";"379"
"FORTALEZA DOS NOGUEIRAS";"PASTOR EVERALDO";"50"
"FORTALEZA DOS NOGUEIRAS";"RUI COSTA PIMENTA";"1"
"FORTALEZA DOS NOGUEIRAS";"ZÉ MARIA";"2"
"FORTUNA";"AÉCIO NEVES";"536"
"FORTUNA";"BRANCO";"214"
"FORTUNA";"DILMA";"6196"
"FORTUNA";"EDUARDO JORGE";"21"
"FORTUNA";"EYMAEL";"3"
"FORTUNA";"LEVY FIDELIX";"7"
"FORTUNA";"LUCIANA GENRO";"9"
"FORTUNA";"MARINA SILVA";"739"
"FORTUNA";"MAURO IASI";"4"
"FORTUNA";"NULO";"686"
"FORTUNA";"PASTOR EVERALDO";"53"
"FORTUNA";"ZÉ MARIA";"10"
"GODOFREDO VIANA";"AÉCIO NEVES";"492"
"GODOFREDO VIANA";"BRANCO";"84"
"GODOFREDO VIANA";"DILMA";"3482"
"GODOFREDO VIANA";"EDUARDO JORGE";"7"
"GODOFREDO VIANA";"EYMAEL";"3"
"GODOFREDO VIANA";"LEVY FIDELIX";"4"
"GODOFREDO VIANA";"LUCIANA GENRO";"2"
"GODOFREDO VIANA";"MARINA SILVA";"675"
"GODOFREDO VIANA";"MAURO IASI";"4"
"GODOFREDO VIANA";"NULO";"338"
"GODOFREDO VIANA";"PASTOR EVERALDO";"45"
"GODOFREDO VIANA";"ZÉ MARIA";"2"
"GONÇALVES DIAS";"AÉCIO NEVES";"709"
"GONÇALVES DIAS";"BRANCO";"136"
"GONÇALVES DIAS";"DILMA";"6532"
"GONÇALVES DIAS";"EDUARDO JORGE";"5"
"GONÇALVES DIAS";"EYMAEL";"2"
"GONÇALVES DIAS";"LEVY FIDELIX";"8"
"GONÇALVES DIAS";"LUCIANA GENRO";"21"
"GONÇALVES DIAS";"MARINA SILVA";"680"
"GONÇALVES DIAS";"MAURO IASI";"4"
"GONÇALVES DIAS";"NULO";"554"
"GONÇALVES DIAS";"PASTOR EVERALDO";"45"
"GONÇALVES DIAS";"ZÉ MARIA";"3"
"GOVERNADOR ARCHER";"AÉCIO NEVES";"506"
"GOVERNADOR ARCHER";"BRANCO";"107"
"GOVERNADOR ARCHER";"DILMA";"4080"
"GOVERNADOR ARCHER";"EDUARDO JORGE";"4"
"GOVERNADOR ARCHER";"LEVY FIDELIX";"2"
"GOVERNADOR ARCHER";"LUCIANA GENRO";"6"
"GOVERNADOR ARCHER";"MARINA SILVA";"609"
"GOVERNADOR ARCHER";"MAURO IASI";"1"
"GOVERNADOR ARCHER";"NULO";"425"
"GOVERNADOR ARCHER";"PASTOR EVERALDO";"7"
"GOVERNADOR ARCHER";"ZÉ MARIA";"3"
"GOVERNADOR EDISON LOBÃO";"AÉCIO NEVES";"1652"
"GOVERNADOR EDISON LOBÃO";"BRANCO";"204"
"GOVERNADOR EDISON LOBÃO";"DILMA";"5363"
"GOVERNADOR EDISON LOBÃO";"EDUARDO JORGE";"13"
"GOVERNADOR EDISON LOBÃO";"EYMAEL";"16"
"GOVERNADOR EDISON LOBÃO";"LEVY FIDELIX";"17"
"GOVERNADOR EDISON LOBÃO";"LUCIANA GENRO";"11"
"GOVERNADOR EDISON LOBÃO";"MARINA SILVA";"1570"
"GOVERNADOR EDISON LOBÃO";"MAURO IASI";"3"
"GOVERNADOR EDISON LOBÃO";"NULO";"471"
"GOVERNADOR EDISON LOBÃO";"PASTOR EVERALDO";"83"
"GOVERNADOR EDISON LOBÃO";"ZÉ MARIA";"5"
"GOVERNADOR EUGÊNIO BARROS";"AÉCIO NEVES";"532"
"GOVERNADOR EUGÊNIO BARROS";"BRANCO";"134"
"GOVERNADOR EUGÊNIO BARROS";"DILMA";"6036"
"GOVERNADOR EUGÊNIO BARROS";"EDUARDO JORGE";"18"
"GOVERNADOR EUGÊNIO BARROS";"EYMAEL";"6"
"GOVERNADOR EUGÊNIO BARROS";"LEVY FIDELIX";"11"
"GOVERNADOR EUGÊNIO BARROS";"LUCIANA GENRO";"8"
"GOVERNADOR EUGÊNIO BARROS";"MARINA SILVA";"680"
"GOVERNADOR EUGÊNIO BARROS";"NULO";"527"
"GOVERNADOR EUGÊNIO BARROS";"PASTOR EVERALDO";"31"
"GOVERNADOR EUGÊNIO BARROS";"ZÉ MARIA";"4"
"GOVERNADOR LUIZ ROCHA";"AÉCIO NEVES";"456"
"GOVERNADOR LUIZ ROCHA";"BRANCO";"111"
"GOVERNADOR LUIZ ROCHA";"DILMA";"2883"
"GOVERNADOR LUIZ ROCHA";"EDUARDO JORGE";"4"
"GOVERNADOR LUIZ ROCHA";"EYMAEL";"2"
"GOVERNADOR LUIZ ROCHA";"LEVY FIDELIX";"2"
"GOVERNADOR LUIZ ROCHA";"LUCIANA GENRO";"2"
"GOVERNADOR LUIZ ROCHA";"MARINA SILVA";"495"
"GOVERNADOR LUIZ ROCHA";"MAURO IASI";"1"
"GOVERNADOR LUIZ ROCHA";"NULO";"386"
"GOVERNADOR LUIZ ROCHA";"PASTOR EVERALDO";"20"
"GOVERNADOR LUIZ ROCHA";"ZÉ MARIA";"2"
"GOVERNADOR NEWTON BELLO";"AÉCIO NEVES";"421"
"GOVERNADOR NEWTON BELLO";"BRANCO";"58"
"GOVERNADOR NEWTON BELLO";"DILMA";"3878"
"GOVERNADOR NEWTON BELLO";"EDUARDO JORGE";"8"
"GOVERNADOR NEWTON BELLO";"EYMAEL";"7"
"GOVERNADOR NEWTON BELLO";"LEVY FIDELIX";"7"
"GOVERNADOR NEWTON BELLO";"LUCIANA GENRO";"12"
"GOVERNADOR NEWTON BELLO";"MARINA SILVA";"504"
"GOVERNADOR NEWTON BELLO";"MAURO IASI";"5"
"GOVERNADOR NEWTON BELLO";"NULO";"441"
"GOVERNADOR NEWTON BELLO";"PASTOR EVERALDO";"22"
"GOVERNADOR NEWTON BELLO";"RUI COSTA PIMENTA";"1"
"GOVERNADOR NEWTON BELLO";"ZÉ MARIA";"3"
"GOVERNADOR NUNES FREIRE";"AÉCIO NEVES";"1044"
"GOVERNADOR NUNES FREIRE";"BRANCO";"108"
"GOVERNADOR NUNES FREIRE";"DILMA";"9081"
"GOVERNADOR NUNES FREIRE";"EDUARDO JORGE";"28"
"GOVERNADOR NUNES FREIRE";"EYMAEL";"1"
"GOVERNADOR NUNES FREIRE";"LEVY FIDELIX";"14"
"GOVERNADOR NUNES FREIRE";"LUCIANA GENRO";"18"
"GOVERNADOR NUNES FREIRE";"MARINA SILVA";"1229"
"GOVERNADOR NUNES FREIRE";"NULO";"680"
"GOVERNADOR NUNES FREIRE";"PASTOR EVERALDO";"113"
"GOVERNADOR NUNES FREIRE";"ZÉ MARIA";"2"
"GRAJAÚ";"AÉCIO NEVES";"4565"
"GRAJAÚ";"BRANCO";"454"
"GRAJAÚ";"DILMA";"20256"
"GRAJAÚ";"EDUARDO JORGE";"41"
"GRAJAÚ";"EYMAEL";"18"
"GRAJAÚ";"LEVY FIDELIX";"28"
"GRAJAÚ";"LUCIANA GENRO";"41"
"GRAJAÚ";"MARINA SILVA";"5200"
"GRAJAÚ";"MAURO IASI";"7"
"GRAJAÚ";"NULO";"1897"
"GRAJAÚ";"PASTOR EVERALDO";"177"
"GRAJAÚ";"ZÉ MARIA";"14"
"GRAÇA ARANHA";"AÉCIO NEVES";"275"
"GRAÇA ARANHA";"BRANCO";"34"
"GRAÇA ARANHA";"DILMA";"3244"
"GRAÇA ARANHA";"EDUARDO JORGE";"3"
"GRAÇA ARANHA";"LEVY FIDELIX";"2"
"GRAÇA ARANHA";"LUCIANA GENRO";"7"
"GRAÇA ARANHA";"MARINA SILVA";"380"
"GRAÇA ARANHA";"NULO";"228"
"GRAÇA ARANHA";"PASTOR EVERALDO";"8"
"GRAÇA ARANHA";"RUI COSTA PIMENTA";"1"
"GUIMARÃES";"AÉCIO NEVES";"282"
"GUIMARÃES";"BRANCO";"249"
"GUIMARÃES";"DILMA";"5287"
"GUIMARÃES";"EDUARDO JORGE";"12"
"GUIMARÃES";"EYMAEL";"5"
"GUIMARÃES";"LEVY FIDELIX";"6"
"GUIMARÃES";"LUCIANA GENRO";"11"
"GUIMARÃES";"MARINA SILVA";"721"
"GUIMARÃES";"MAURO IASI";"1"
"GUIMARÃES";"NULO";"439"
"GUIMARÃES";"PASTOR EVERALDO";"13"
"GUIMARÃES";"ZÉ MARIA";"11"
"HUMBERTO DE CAMPOS";"AÉCIO NEVES";"731"
"HUMBERTO DE CAMPOS";"BRANCO";"239"
"HUMBERTO DE CAMPOS";"DILMA";"11041"
"HUMBERTO DE CAMPOS";"EDUARDO JORGE";"32"
"HUMBERTO DE CAMPOS";"EYMAEL";"5"
"HUMBERTO DE CAMPOS";"LEVY FIDELIX";"26"
"HUMBERTO DE CAMPOS";"LUCIANA GENRO";"24"
"HUMBERTO DE CAMPOS";"MARINA SILVA";"1916"
"HUMBERTO DE CAMPOS";"MAURO IASI";"6"
"HUMBERTO DE CAMPOS";"NULO";"994"
"HUMBERTO DE CAMPOS";"PASTOR EVERALDO";"41"
"HUMBERTO DE CAMPOS";"ZÉ MARIA";"3"
"ICATU";"AÉCIO NEVES";"492"
"ICATU";"BRANCO";"244"
"ICATU";"DILMA";"11870"
"ICATU";"EDUARDO JORGE";"15"
"ICATU";"EYMAEL";"7"
"ICATU";"LEVY FIDELIX";"15"
"ICATU";"LUCIANA GENRO";"10"
"ICATU";"MARINA SILVA";"1590"
"ICATU";"MAURO IASI";"2"
"ICATU";"NULO";"1031"
"ICATU";"PASTOR EVERALDO";"85"
"ICATU";"ZÉ MARIA";"14"
"IGARAPÉ DO MEIO";"AÉCIO NEVES";"314"
"IGARAPÉ DO MEIO";"BRANCO";"83"
"IGARAPÉ DO MEIO";"DILMA";"5510"
"IGARAPÉ DO MEIO";"EDUARDO JORGE";"30"
"IGARAPÉ DO MEIO";"EYMAEL";"1"
"IGARAPÉ DO MEIO";"LEVY FIDELIX";"8"
"IGARAPÉ DO MEIO";"LUCIANA GENRO";"11"
"IGARAPÉ DO MEIO";"MARINA SILVA";"629"
"IGARAPÉ DO MEIO";"NULO";"589"
"IGARAPÉ DO MEIO";"PASTOR EVERALDO";"29"
"IGARAPÉ DO MEIO";"ZÉ MARIA";"1"
"IGARAPÉ GRANDE";"AÉCIO NEVES";"567"
"IGARAPÉ GRANDE";"BRANCO";"100"
"IGARAPÉ GRANDE";"DILMA";"4334"
"IGARAPÉ GRANDE";"EDUARDO JORGE";"3"
"IGARAPÉ GRANDE";"EYMAEL";"2"
"IGARAPÉ GRANDE";"LEVY FIDELIX";"6"
"IGARAPÉ GRANDE";"LUCIANA GENRO";"9"
"IGARAPÉ GRANDE";"MARINA SILVA";"622"
"IGARAPÉ GRANDE";"NULO";"505"
"IGARAPÉ GRANDE";"PASTOR EVERALDO";"28"
"IGARAPÉ GRANDE";"ZÉ MARIA";"3"
"IMPERATRIZ";"AÉCIO NEVES";"31482"
"IMPERATRIZ";"BRANCO";"2883"
"IMPERATRIZ";"DILMA";"53457"
"IMPERATRIZ";"EDUARDO JORGE";"217"
"IMPERATRIZ";"EYMAEL";"47"
"IMPERATRIZ";"LEVY FIDELIX";"368"
"IMPERATRIZ";"LUCIANA GENRO";"760"
"IMPERATRIZ";"MARINA SILVA";"36075"
"IMPERATRIZ";"MAURO IASI";"61"
"IMPERATRIZ";"NULO";"4753"
"IMPERATRIZ";"PASTOR EVERALDO";"1075"
"IMPERATRIZ";"RUI COSTA PIMENTA";"2"
"IMPERATRIZ";"ZÉ MARIA";"96"
"ITAIPAVA DO GRAJAÚ";"AÉCIO NEVES";"653"
"ITAIPAVA DO GRAJAÚ";"BRANCO";"55"
"ITAIPAVA DO GRAJAÚ";"DILMA";"5299"
"ITAIPAVA DO GRAJAÚ";"EDUARDO JORGE";"11"
"ITAIPAVA DO GRAJAÚ";"LEVY FIDELIX";"4"
"ITAIPAVA DO GRAJAÚ";"LUCIANA GENRO";"5"
"ITAIPAVA DO GRAJAÚ";"MARINA SILVA";"498"
"ITAIPAVA DO GRAJAÚ";"MAURO IASI";"2"
"ITAIPAVA DO GRAJAÚ";"NULO";"374"
"ITAIPAVA DO GRAJAÚ";"PASTOR EVERALDO";"38"
"ITAPECURU MIRIM";"AÉCIO NEVES";"2052"
"ITAPECURU MIRIM";"BRANCO";"713"
"ITAPECURU MIRIM";"DILMA";"20641"
"ITAPECURU MIRIM";"EDUARDO JORGE";"35"
"ITAPECURU MIRIM";"EYMAEL";"15"
"ITAPECURU MIRIM";"LEVY FIDELIX";"36"
"ITAPECURU MIRIM";"LUCIANA GENRO";"79"
"ITAPECURU MIRIM";"MARINA SILVA";"4843"
"ITAPECURU MIRIM";"MAURO IASI";"9"
"ITAPECURU MIRIM";"NULO";"2085"
"ITAPECURU MIRIM";"PASTOR EVERALDO";"92"
"ITAPECURU MIRIM";"RUI COSTA PIMENTA";"2"
"ITAPECURU MIRIM";"ZÉ MARIA";"28"
"ITINGA DO MARANHÃO";"AÉCIO NEVES";"2944"
"ITINGA DO MARANHÃO";"BRANCO";"217"
"ITINGA DO MARANHÃO";"DILMA";"6382"
"ITINGA DO MARANHÃO";"EDUARDO JORGE";"5"
"ITINGA DO MARANHÃO";"EYMAEL";"7"
"ITINGA DO MARANHÃO";"LEVY FIDELIX";"16"
"ITINGA DO MARANHÃO";"LUCIANA GENRO";"21"
"ITINGA DO MARANHÃO";"MARINA SILVA";"1758"
"ITINGA DO MARANHÃO";"MAURO IASI";"4"
"ITINGA DO MARANHÃO";"NULO";"772"
"ITINGA DO MARANHÃO";"PASTOR EVERALDO";"84"
"ITINGA DO MARANHÃO";"ZÉ MARIA";"1"
"JATOBÁ";"AÉCIO NEVES";"286"
"JATOBÁ";"BRANCO";"79"
"JATOBÁ";"DILMA";"3447"
"JATOBÁ";"EDUARDO JORGE";"1"
"JATOBÁ";"LEVY FIDELIX";"3"
"JATOBÁ";"LUCIANA GENRO";"4"
"JATOBÁ";"MARINA SILVA";"299"
"JATOBÁ";"MAURO IASI";"1"
"JATOBÁ";"NULO";"320"
"JATOBÁ";"PASTOR EVERALDO";"26"
"JATOBÁ";"ZÉ MARIA";"1"
"JENIPAPO DOS VIEIRAS";"AÉCIO NEVES";"742"
"JENIPAPO DOS VIEIRAS";"BRANCO";"117"
"JENIPAPO DOS VIEIRAS";"DILMA";"5414"
"JENIPAPO DOS VIEIRAS";"EDUARDO JORGE";"29"
"JENIPAPO DOS VIEIRAS";"EYMAEL";"11"
"JENIPAPO DOS VIEIRAS";"LEVY FIDELIX";"9"
"JENIPAPO DOS VIEIRAS";"LUCIANA GENRO";"8"
"JENIPAPO DOS VIEIRAS";"MARINA SILVA";"924"
"JENIPAPO DOS VIEIRAS";"MAURO IASI";"2"
"JENIPAPO DOS VIEIRAS";"NULO";"519"
"JENIPAPO DOS VIEIRAS";"PASTOR EVERALDO";"102"
"JENIPAPO DOS VIEIRAS";"RUI COSTA PIMENTA";"1"
"JENIPAPO DOS VIEIRAS";"ZÉ MARIA";"2"
"JOSELÂNDIA";"AÉCIO NEVES";"708"
"JOSELÂNDIA";"BRANCO";"201"
"JOSELÂNDIA";"DILMA";"6357"
"JOSELÂNDIA";"EDUARDO JORGE";"18"
"JOSELÂNDIA";"EYMAEL";"3"
"JOSELÂNDIA";"LEVY FIDELIX";"10"
"JOSELÂNDIA";"LUCIANA GENRO";"2"
"JOSELÂNDIA";"MARINA SILVA";"766"
"JOSELÂNDIA";"MAURO IASI";"4"
"JOSELÂNDIA";"NULO";"480"
"JOSELÂNDIA";"PASTOR EVERALDO";"18"
"JOSELÂNDIA";"RUI COSTA PIMENTA";"1"
"JOSELÂNDIA";"ZÉ MARIA";"7"
"JOÃO LISBOA";"AÉCIO NEVES";"2153"
"JOÃO LISBOA";"BRANCO";"361"
"JOÃO LISBOA";"DILMA";"8795"
"JOÃO LISBOA";"EDUARDO JORGE";"9"
"JOÃO LISBOA";"EYMAEL";"4"
"JOÃO LISBOA";"LEVY FIDELIX";"33"
"JOÃO LISBOA";"LUCIANA GENRO";"38"
"JOÃO LISBOA";"MARINA SILVA";"2381"
"JOÃO LISBOA";"MAURO IASI";"2"
"JOÃO LISBOA";"NULO";"1009"
"JOÃO LISBOA";"PASTOR EVERALDO";"90"
"JOÃO LISBOA";"ZÉ MARIA";"13"
"JUNCO DO MARANHÃO";"AÉCIO NEVES";"322"
"JUNCO DO MARANHÃO";"BRANCO";"32"
"JUNCO DO MARANHÃO";"DILMA";"2739"
"JUNCO DO MARANHÃO";"EDUARDO JORGE";"12"
"JUNCO DO MARANHÃO";"LEVY FIDELIX";"5"
"JUNCO DO MARANHÃO";"LUCIANA GENRO";"3"
"JUNCO DO MARANHÃO";"MARINA SILVA";"291"
"JUNCO DO MARANHÃO";"NULO";"180"
"JUNCO DO MARANHÃO";"PASTOR EVERALDO";"14"
"LAGO DA PEDRA";"AÉCIO NEVES";"3719"
"LAGO DA PEDRA";"BRANCO";"392"
"LAGO DA PEDRA";"DILMA";"14161"
"LAGO DA PEDRA";"EDUARDO JORGE";"10"
"LAGO DA PEDRA";"EYMAEL";"1"
"LAGO DA PEDRA";"LEVY FIDELIX";"25"
"LAGO DA PEDRA";"LUCIANA GENRO";"35"
"LAGO DA PEDRA";"MARINA SILVA";"3732"
"LAGO DA PEDRA";"MAURO IASI";"2"
"LAGO DA PEDRA";"NULO";"1516"
"LAGO DA PEDRA";"PASTOR EVERALDO";"133"
"LAGO DA PEDRA";"ZÉ MARIA";"6"
"LAGO DO JUNCO";"AÉCIO NEVES";"533"
"LAGO DO JUNCO";"BRANCO";"154"
"LAGO DO JUNCO";"DILMA";"4160"
"LAGO DO JUNCO";"EDUARDO JORGE";"6"
"LAGO DO JUNCO";"LEVY FIDELIX";"12"
"LAGO DO JUNCO";"LUCIANA GENRO";"8"
"LAGO DO JUNCO";"MARINA SILVA";"530"
"LAGO DO JUNCO";"NULO";"433"
"LAGO DO JUNCO";"PASTOR EVERALDO";"14"
"LAGO DO JUNCO";"RUI COSTA PIMENTA";"1"
"LAGO DO JUNCO";"ZÉ MARIA";"1"
"LAGO DOS RODRIGUES";"AÉCIO NEVES";"450"
"LAGO DOS RODRIGUES";"BRANCO";"79"
"LAGO DOS RODRIGUES";"DILMA";"4129"
"LAGO DOS RODRIGUES";"EDUARDO JORGE";"7"
"LAGO DOS RODRIGUES";"LEVY FIDELIX";"1"
"LAGO DOS RODRIGUES";"LUCIANA GENRO";"16"
"LAGO DOS RODRIGUES";"MARINA SILVA";"695"
"LAGO DOS RODRIGUES";"MAURO IASI";"1"
"LAGO DOS RODRIGUES";"NULO";"357"
"LAGO DOS RODRIGUES";"PASTOR EVERALDO";"14"
"LAGO DOS RODRIGUES";"ZÉ MARIA";"3"
"LAGO VERDE";"AÉCIO NEVES";"453"
"LAGO VERDE";"BRANCO";"80"
"LAGO VERDE";"DILMA";"6367"
"LAGO VERDE";"EDUARDO JORGE";"3"
"LAGO VERDE";"EYMAEL";"1"
"LAGO VERDE";"LEVY FIDELIX";"6"
"LAGO VERDE";"LUCIANA GENRO";"4"
"LAGO VERDE";"MARINA SILVA";"777"
"LAGO VERDE";"NULO";"505"
"LAGO VERDE";"PASTOR EVERALDO";"53"
"LAGO VERDE";"ZÉ MARIA";"1"
"LAGOA DO MATO";"AÉCIO NEVES";"387"
"LAGOA DO MATO";"BRANCO";"117"
"LAGOA DO MATO";"DILMA";"4036"
"LAGOA DO MATO";"EDUARDO JORGE";"6"
"LAGOA DO MATO";"EYMAEL";"1"
"LAGOA DO MATO";"LEVY FIDELIX";"4"
"LAGOA DO MATO";"LUCIANA GENRO";"3"
"LAGOA DO MATO";"MARINA SILVA";"376"
"LAGOA DO MATO";"NULO";"652"
"LAGOA DO MATO";"PASTOR EVERALDO";"17"
"LAGOA DO MATO";"ZÉ MARIA";"5"
"LAGOA GRANDE DO MARANHÃO";"AÉCIO NEVES";"512"
"LAGOA GRANDE DO MARANHÃO";"BRANCO";"93"
"LAGOA GRANDE DO MARANHÃO";"DILMA";"4650"
"LAGOA GRANDE DO MARANHÃO";"EDUARDO JORGE";"4"
"LAGOA GRANDE DO MARANHÃO";"EYMAEL";"2"
"LAGOA GRANDE DO MARANHÃO";"LEVY FIDELIX";"3"
"LAGOA GRANDE DO MARANHÃO";"LUCIANA GENRO";"5"
"LAGOA GRANDE DO MARANHÃO";"MARINA SILVA";"400"
"LAGOA GRANDE DO MARANHÃO";"MAURO IASI";"2"
"LAGOA GRANDE DO MARANHÃO";"NULO";"400"
"LAGOA GRANDE DO MARANHÃO";"PASTOR EVERALDO";"44"
"LAGOA GRANDE DO MARANHÃO";"ZÉ MARIA";"1"
"LAJEADO NOVO";"AÉCIO NEVES";"880"
"LAJEADO NOVO";"BRANCO";"39"
"LAJEADO NOVO";"DILMA";"2726"
"LAJEADO NOVO";"EDUARDO JORGE";"2"
"LAJEADO NOVO";"EYMAEL";"1"
"LAJEADO NOVO";"LEVY FIDELIX";"2"
"LAJEADO NOVO";"LUCIANA GENRO";"3"
"LAJEADO NOVO";"MARINA SILVA";"562"
"LAJEADO NOVO";"MAURO IASI";"2"
"LAJEADO NOVO";"NULO";"248"
"LAJEADO NOVO";"PASTOR EVERALDO";"23"
"LIMA CAMPOS";"AÉCIO NEVES";"823"
"LIMA CAMPOS";"BRANCO";"223"
"LIMA CAMPOS";"DILMA";"3871"
"LIMA CAMPOS";"EDUARDO JORGE";"9"
"LIMA CAMPOS";"EYMAEL";"4"
"LIMA CAMPOS";"LEVY FIDELIX";"7"
"LIMA CAMPOS";"LUCIANA GENRO";"6"
"LIMA CAMPOS";"MARINA SILVA";"1350"
"LIMA CAMPOS";"MAURO IASI";"2"
"LIMA CAMPOS";"NULO";"613"
"LIMA CAMPOS";"PASTOR EVERALDO";"36"
"LIMA CAMPOS";"ZÉ MARIA";"5"
"LORETO";"AÉCIO NEVES";"724"
"LORETO";"BRANCO";"92"
"LORETO";"DILMA";"4244"
"LORETO";"EDUARDO JORGE";"9"
"LORETO";"EYMAEL";"1"
"LORETO";"LEVY FIDELIX";"3"
"LORETO";"LUCIANA GENRO";"6"
"LORETO";"MARINA SILVA";"380"
"LORETO";"NULO";"468"
"LORETO";"PASTOR EVERALDO";"18"
"LORETO";"RUI COSTA PIMENTA";"1"
"LORETO";"ZÉ MARIA";"3"
"LUÍS DOMINGUES";"AÉCIO NEVES";"484"
"LUÍS DOMINGUES";"BRANCO";"75"
"LUÍS DOMINGUES";"DILMA";"2498"
"LUÍS DOMINGUES";"EDUARDO JORGE";"1"
"LUÍS DOMINGUES";"EYMAEL";"5"
"LUÍS DOMINGUES";"LEVY FIDELIX";"1"
"LUÍS DOMINGUES";"LUCIANA GENRO";"20"
"LUÍS DOMINGUES";"MARINA SILVA";"692"
"LUÍS DOMINGUES";"NULO";"219"
"LUÍS DOMINGUES";"PASTOR EVERALDO";"21"
"MAGALHÃES DE ALMEIDA";"AÉCIO NEVES";"803"
"MAGALHÃES DE ALMEIDA";"BRANCO";"181"
"MAGALHÃES DE ALMEIDA";"DILMA";"5316"
"MAGALHÃES DE ALMEIDA";"EDUARDO JORGE";"12"
"MAGALHÃES DE ALMEIDA";"EYMAEL";"3"
"MAGALHÃES DE ALMEIDA";"LEVY FIDELIX";"33"
"MAGALHÃES DE ALMEIDA";"LUCIANA GENRO";"21"
"MAGALHÃES DE ALMEIDA";"MARINA SILVA";"1440"
"MAGALHÃES DE ALMEIDA";"MAURO IASI";"2"
"MAGALHÃES DE ALMEIDA";"NULO";"624"
"MAGALHÃES DE ALMEIDA";"PASTOR EVERALDO";"31"
"MAGALHÃES DE ALMEIDA";"ZÉ MARIA";"4"
"MARACAÇUMÉ";"AÉCIO NEVES";"893"
"MARACAÇUMÉ";"BRANCO";"136"
"MARACAÇUMÉ";"DILMA";"6167"
"MARACAÇUMÉ";"EDUARDO JORGE";"29"
"MARACAÇUMÉ";"EYMAEL";"5"
"MARACAÇUMÉ";"LEVY FIDELIX";"16"
"MARACAÇUMÉ";"LUCIANA GENRO";"5"
"MARACAÇUMÉ";"MARINA SILVA";"1261"
"MARACAÇUMÉ";"MAURO IASI";"2"
"MARACAÇUMÉ";"NULO";"667"
"MARACAÇUMÉ";"PASTOR EVERALDO";"42"
"MARACAÇUMÉ";"ZÉ MARIA";"3"
"MARAJÁ DO SENA";"AÉCIO NEVES";"404"
"MARAJÁ DO SENA";"BRANCO";"61"
"MARAJÁ DO SENA";"DILMA";"3482"
"MARAJÁ DO SENA";"EDUARDO JORGE";"1"
"MARAJÁ DO SENA";"LEVY FIDELIX";"12"
"MARAJÁ DO SENA";"LUCIANA GENRO";"8"
"MARAJÁ DO SENA";"MARINA SILVA";"292"
"MARAJÁ DO SENA";"NULO";"398"
"MARAJÁ DO SENA";"PASTOR EVERALDO";"18"
"MARANHÃOZINHO";"AÉCIO NEVES";"413"
"MARANHÃOZINHO";"BRANCO";"52"
"MARANHÃOZINHO";"DILMA";"4397"
"MARANHÃOZINHO";"EDUARDO JORGE";"5"
"MARANHÃOZINHO";"LEVY FIDELIX";"2"
"MARANHÃOZINHO";"LUCIANA GENRO";"2"
"MARANHÃOZINHO";"MARINA SILVA";"445"
"MARANHÃOZINHO";"NULO";"240"
"MARANHÃOZINHO";"PASTOR EVERALDO";"21"
"MARANHÃOZINHO";"ZÉ MARIA";"5"
"MATA ROMA";"AÉCIO NEVES";"589"
"MATA ROMA";"BRANCO";"209"
"MATA ROMA";"DILMA";"7749"
"MATA ROMA";"EDUARDO JORGE";"8"
"MATA ROMA";"EYMAEL";"28"
"MATA ROMA";"LEVY FIDELIX";"11"
"MATA ROMA";"LUCIANA GENRO";"5"
"MATA ROMA";"MARINA SILVA";"954"
"MATA ROMA";"MAURO IASI";"4"
"MATA ROMA";"NULO";"636"
"MATA ROMA";"PASTOR EVERALDO";"23"
"MATA ROMA";"ZÉ MARIA";"5"
"MATINHA";"AÉCIO NEVES";"586"
"MATINHA";"BRANCO";"349"
"MATINHA";"DILMA";"10374"
"MATINHA";"EDUARDO JORGE";"16"
"MATINHA";"EYMAEL";"7"
"MATINHA";"LEVY FIDELIX";"8"
"MATINHA";"LUCIANA GENRO";"16"
"MATINHA";"MARINA SILVA";"1574"
"MATINHA";"MAURO IASI";"4"
"MATINHA";"NULO";"718"
"MATINHA";"PASTOR EVERALDO";"91"
"MATINHA";"ZÉ MARIA";"10"
"MATÕES";"AÉCIO NEVES";"728"
"MATÕES";"BRANCO";"244"
"MATÕES";"DILMA";"12176"
"MATÕES";"EDUARDO JORGE";"8"
"MATÕES";"EYMAEL";"11"
"MATÕES";"LEVY FIDELIX";"8"
"MATÕES";"LUCIANA GENRO";"20"
"MATÕES";"MARINA SILVA";"1460"
"MATÕES";"MAURO IASI";"6"
"MATÕES";"NULO";"1494"
"MATÕES";"PASTOR EVERALDO";"71"
"MATÕES";"RUI COSTA PIMENTA";"2"
"MATÕES";"ZÉ MARIA";"12"
"MATÕES DO NORTE";"AÉCIO NEVES";"177"
"MATÕES DO NORTE";"BRANCO";"64"
"MATÕES DO NORTE";"DILMA";"3663"
"MATÕES DO NORTE";"EDUARDO JORGE";"3"
"MATÕES DO NORTE";"EYMAEL";"1"
"MATÕES DO NORTE";"LEVY FIDELIX";"4"
"MATÕES DO NORTE";"LUCIANA GENRO";"2"
"MATÕES DO NORTE";"MARINA SILVA";"394"
"MATÕES DO NORTE";"MAURO IASI";"1"
"MATÕES DO NORTE";"NULO";"393"
"MATÕES DO NORTE";"PASTOR EVERALDO";"6"
"MATÕES DO NORTE";"ZÉ MARIA";"3"
"MILAGRES DO MARANHÃO";"AÉCIO NEVES";"176"
"MILAGRES DO MARANHÃO";"BRANCO";"62"
"MILAGRES DO MARANHÃO";"DILMA";"2996"
"MILAGRES DO MARANHÃO";"EDUARDO JORGE";"22"
"MILAGRES DO MARANHÃO";"EYMAEL";"8"
"MILAGRES DO MARANHÃO";"LEVY FIDELIX";"1"
"MILAGRES DO MARANHÃO";"LUCIANA GENRO";"4"
"MILAGRES DO MARANHÃO";"MARINA SILVA";"302"
"MILAGRES DO MARANHÃO";"NULO";"275"
"MILAGRES DO MARANHÃO";"PASTOR EVERALDO";"5"
"MILAGRES DO MARANHÃO";"ZÉ MARIA";"3"
"MIRADOR";"AÉCIO NEVES";"839"
"MIRADOR";"BRANCO";"165"
"MIRADOR";"DILMA";"7732"
"MIRADOR";"EDUARDO JORGE";"26"
"MIRADOR";"EYMAEL";"1"
"MIRADOR";"LEVY FIDELIX";"11"
"MIRADOR";"LUCIANA GENRO";"6"
"MIRADOR";"MARINA SILVA";"622"
"MIRADOR";"MAURO IASI";"3"
"MIRADOR";"NULO";"879"
"MIRADOR";"PASTOR EVERALDO";"21"
"MIRADOR";"RUI COSTA PIMENTA";"2"
"MIRADOR";"ZÉ MARIA";"9"
"MIRANDA DO NORTE";"AÉCIO NEVES";"656"
"MIRANDA DO NORTE";"BRANCO";"162"
"MIRANDA DO NORTE";"DILMA";"7039"
"MIRANDA DO NORTE";"EDUARDO JORGE";"9"
"MIRANDA DO NORTE";"EYMAEL";"4"
"MIRANDA DO NORTE";"LEVY FIDELIX";"15"
"MIRANDA DO NORTE";"LUCIANA GENRO";"15"
"MIRANDA DO NORTE";"MARINA SILVA";"1608"
"MIRANDA DO NORTE";"MAURO IASI";"4"
"MIRANDA DO NORTE";"NULO";"680"
"MIRANDA DO NORTE";"PASTOR EVERALDO";"69"
"MIRANDA DO NORTE";"ZÉ MARIA";"4"
"MIRINZAL";"AÉCIO NEVES";"401"
"MIRINZAL";"BRANCO";"206"
"MIRINZAL";"DILMA";"5431"
"MIRINZAL";"EDUARDO JORGE";"29"
"MIRINZAL";"EYMAEL";"8"
"MIRINZAL";"LEVY FIDELIX";"3"
"MIRINZAL";"LUCIANA GENRO";"5"
"MIRINZAL";"MARINA SILVA";"955"
"MIRINZAL";"MAURO IASI";"2"
"MIRINZAL";"NULO";"412"
"MIRINZAL";"PASTOR EVERALDO";"39"
"MIRINZAL";"RUI COSTA PIMENTA";"3"
"MIRINZAL";"ZÉ MARIA";"7"
"MONTES ALTOS";"AÉCIO NEVES";"1131"
"MONTES ALTOS";"BRANCO";"93"
"MONTES ALTOS";"DILMA";"3187"
"MONTES ALTOS";"EDUARDO JORGE";"20"
"MONTES ALTOS";"EYMAEL";"4"
"MONTES ALTOS";"LEVY FIDELIX";"5"
"MONTES ALTOS";"LUCIANA GENRO";"13"
"MONTES ALTOS";"MARINA SILVA";"858"
"MONTES ALTOS";"MAURO IASI";"1"
"MONTES ALTOS";"NULO";"345"
"MONTES ALTOS";"PASTOR EVERALDO";"25"
"MONTES ALTOS";"ZÉ MARIA";"2"
"MONÇÃO";"AÉCIO NEVES";"727"
"MONÇÃO";"BRANCO";"195"
"MONÇÃO";"DILMA";"10878"
"MONÇÃO";"EDUARDO JORGE";"26"
"MONÇÃO";"EYMAEL";"7"
"MONÇÃO";"LEVY FIDELIX";"12"
"MONÇÃO";"LUCIANA GENRO";"17"
"MONÇÃO";"MARINA SILVA";"1047"
"MONÇÃO";"MAURO IASI";"2"
"MONÇÃO";"NULO";"1097"
"MONÇÃO";"PASTOR EVERALDO";"91"
"MONÇÃO";"RUI COSTA PIMENTA";"2"
"MONÇÃO";"ZÉ MARIA";"11"
"MORROS";"AÉCIO NEVES";"389"
"MORROS";"BRANCO";"144"
"MORROS";"DILMA";"7551"
"MORROS";"EDUARDO JORGE";"28"
"MORROS";"EYMAEL";"3"
"MORROS";"LEVY FIDELIX";"17"
"MORROS";"LUCIANA GENRO";"17"
"MORROS";"MARINA SILVA";"1106"
"MORROS";"MAURO IASI";"4"
"MORROS";"NULO";"770"
"MORROS";"PASTOR EVERALDO";"51"
"MORROS";"ZÉ MARIA";"5"
"NINA RODRIGUES";"AÉCIO NEVES";"256"
"NINA RODRIGUES";"BRANCO";"63"
"NINA RODRIGUES";"DILMA";"4686"
"NINA RODRIGUES";"EDUARDO JORGE";"4"
"NINA RODRIGUES";"EYMAEL";"3"
"NINA RODRIGUES";"LEVY FIDELIX";"4"
"NINA RODRIGUES";"LUCIANA GENRO";"7"
"NINA RODRIGUES";"MARINA SILVA";"752"
"NINA RODRIGUES";"MAURO IASI";"2"
"NINA RODRIGUES";"NULO";"574"
"NINA RODRIGUES";"PASTOR EVERALDO";"15"
"NINA RODRIGUES";"RUI COSTA PIMENTA";"1"
"NINA RODRIGUES";"ZÉ MARIA";"3"
"NOVA COLINAS";"AÉCIO NEVES";"491"
"NOVA COLINAS";"BRANCO";"78"
"NOVA COLINAS";"DILMA";"2105"
"NOVA COLINAS";"EDUARDO JORGE";"8"
"NOVA COLINAS";"LEVY FIDELIX";"4"
"NOVA COLINAS";"LUCIANA GENRO";"1"
"NOVA COLINAS";"MARINA SILVA";"393"
"NOVA COLINAS";"MAURO IASI";"1"
"NOVA COLINAS";"NULO";"194"
"NOVA COLINAS";"PASTOR EVERALDO";"13"
"NOVA COLINAS";"ZÉ MARIA";"2"
"NOVA IORQUE";"AÉCIO NEVES";"221"
"NOVA IORQUE";"BRANCO";"34"
"NOVA IORQUE";"DILMA";"1976"
"NOVA IORQUE";"EDUARDO JORGE";"3"
"NOVA IORQUE";"EYMAEL";"4"
"NOVA IORQUE";"LEVY FIDELIX";"4"
"NOVA IORQUE";"LUCIANA GENRO";"9"
"NOVA IORQUE";"MARINA SILVA";"212"
"NOVA IORQUE";"MAURO IASI";"1"
"NOVA IORQUE";"NULO";"203"
"NOVA IORQUE";"PASTOR EVERALDO";"8"
"NOVA OLINDA DO MARANHÃO";"AÉCIO NEVES";"583"
"NOVA OLINDA DO MARANHÃO";"BRANCO";"155"
"NOVA OLINDA DO MARANHÃO";"DILMA";"6592"
"NOVA OLINDA DO MARANHÃO";"EDUARDO JORGE";"57"
"NOVA OLINDA DO MARANHÃO";"EYMAEL";"2"
"NOVA OLINDA DO MARANHÃO";"LEVY FIDELIX";"8"
"NOVA OLINDA DO MARANHÃO";"LUCIANA GENRO";"6"
"NOVA OLINDA DO MARANHÃO";"MARINA SILVA";"772"
"NOVA OLINDA DO MARANHÃO";"MAURO IASI";"4"
"NOVA OLINDA DO MARANHÃO";"NULO";"741"
"NOVA OLINDA DO MARANHÃO";"PASTOR EVERALDO";"50"
"NOVA OLINDA DO MARANHÃO";"ZÉ MARIA";"3"
"OLHO D'ÁGUA DAS CUNHÃS";"AÉCIO NEVES";"922"
"OLHO D'ÁGUA DAS CUNHÃS";"BRANCO";"166"
"OLHO D'ÁGUA DAS CUNHÃS";"DILMA";"7623"
"OLHO D'ÁGUA DAS CUNHÃS";"EDUARDO JORGE";"8"
"OLHO D'ÁGUA DAS CUNHÃS";"LEVY FIDELIX";"8"
"OLHO D'ÁGUA DAS CUNHÃS";"LUCIANA GENRO";"9"
"OLHO D'ÁGUA DAS CUNHÃS";"MARINA SILVA";"433"
"OLHO D'ÁGUA DAS CUNHÃS";"MAURO IASI";"2"
"OLHO D'ÁGUA DAS CUNHÃS";"NULO";"838"
"OLHO D'ÁGUA DAS CUNHÃS";"PASTOR EVERALDO";"42"
"OLHO D'ÁGUA DAS CUNHÃS";"RUI COSTA PIMENTA";"1"
"OLHO D'ÁGUA DAS CUNHÃS";"ZÉ MARIA";"7"
"OLINDA NOVA DO MARANHÃO";"AÉCIO NEVES";"241"
"OLINDA NOVA DO MARANHÃO";"BRANCO";"152"
"OLINDA NOVA DO MARANHÃO";"DILMA";"4859"
"OLINDA NOVA DO MARANHÃO";"EDUARDO JORGE";"7"
"OLINDA NOVA DO MARANHÃO";"EYMAEL";"19"
"OLINDA NOVA DO MARANHÃO";"LEVY FIDELIX";"7"
"OLINDA NOVA DO MARANHÃO";"LUCIANA GENRO";"6"
"OLINDA NOVA DO MARANHÃO";"MARINA SILVA";"470"
"OLINDA NOVA DO MARANHÃO";"MAURO IASI";"3"
"OLINDA NOVA DO MARANHÃO";"NULO";"520"
"OLINDA NOVA DO MARANHÃO";"PASTOR EVERALDO";"71"
"OLINDA NOVA DO MARANHÃO";"ZÉ MARIA";"5"
"PALMEIRÂNDIA";"AÉCIO NEVES";"305"
"PALMEIRÂNDIA";"BRANCO";"238"
"PALMEIRÂNDIA";"DILMA";"8718"
"PALMEIRÂNDIA";"EDUARDO JORGE";"20"
"PALMEIRÂNDIA";"EYMAEL";"1"
"PALMEIRÂNDIA";"LEVY FIDELIX";"8"
"PALMEIRÂNDIA";"LUCIANA GENRO";"9"
"PALMEIRÂNDIA";"MARINA SILVA";"960"
"PALMEIRÂNDIA";"MAURO IASI";"1"
"PALMEIRÂNDIA";"NULO";"770"
"PALMEIRÂNDIA";"PASTOR EVERALDO";"52"
"PALMEIRÂNDIA";"ZÉ MARIA";"9"
"PARAIBANO";"AÉCIO NEVES";"821"
"PARAIBANO";"BRANCO";"203"
"PARAIBANO";"DILMA";"6895"
"PARAIBANO";"EDUARDO JORGE";"8"
"PARAIBANO";"EYMAEL";"5"
"PARAIBANO";"LEVY FIDELIX";"9"
"PARAIBANO";"LUCIANA GENRO";"13"
"PARAIBANO";"MARINA SILVA";"834"
"PARAIBANO";"MAURO IASI";"2"
"PARAIBANO";"NULO";"856"
"PARAIBANO";"PASTOR EVERALDO";"24"
"PARAIBANO";"ZÉ MARIA";"5"
"PARNARAMA";"AÉCIO NEVES";"943"
"PARNARAMA";"BRANCO";"372"
"PARNARAMA";"DILMA";"12804"
"PARNARAMA";"EDUARDO JORGE";"14"
"PARNARAMA";"EYMAEL";"5"
"PARNARAMA";"LEVY FIDELIX";"29"
"PARNARAMA";"LUCIANA GENRO";"31"
"PARNARAMA";"MARINA SILVA";"1614"
"PARNARAMA";"MAURO IASI";"5"
"PARNARAMA";"NULO";"1515"
"PARNARAMA";"PASTOR EVERALDO";"31"
"PARNARAMA";"ZÉ MARIA";"11"
"PASSAGEM FRANCA";"AÉCIO NEVES";"879"
"PASSAGEM FRANCA";"BRANCO";"241"
"PASSAGEM FRANCA";"DILMA";"6241"
"PASSAGEM FRANCA";"EDUARDO JORGE";"10"
"PASSAGEM FRANCA";"EYMAEL";"8"
"PASSAGEM FRANCA";"LEVY FIDELIX";"6"
"PASSAGEM FRANCA";"LUCIANA GENRO";"9"
"PASSAGEM FRANCA";"MARINA SILVA";"792"
"PASSAGEM FRANCA";"MAURO IASI";"1"
"PASSAGEM FRANCA";"NULO";"1084"
"PASSAGEM FRANCA";"PASTOR EVERALDO";"30"
"PASSAGEM FRANCA";"RUI COSTA PIMENTA";"2"
"PASSAGEM FRANCA";"ZÉ MARIA";"10"
"PASTOS BONS";"AÉCIO NEVES";"1049"
"PASTOS BONS";"BRANCO";"200"
"PASTOS BONS";"DILMA";"6503"
"PASTOS BONS";"EDUARDO JORGE";"15"
"PASTOS BONS";"EYMAEL";"5"
"PASTOS BONS";"LEVY FIDELIX";"7"
"PASTOS BONS";"LUCIANA GENRO";"25"
"PASTOS BONS";"MARINA SILVA";"750"
"PASTOS BONS";"MAURO IASI";"3"
"PASTOS BONS";"NULO";"671"
"PASTOS BONS";"PASTOR EVERALDO";"12"
"PASTOS BONS";"ZÉ MARIA";"12"
"PAULINO NEVES";"AÉCIO NEVES";"512"
"PAULINO NEVES";"BRANCO";"107"
"PAULINO NEVES";"DILMA";"6823"
"PAULINO NEVES";"EDUARDO JORGE";"3"
"PAULINO NEVES";"LEVY FIDELIX";"9"
"PAULINO NEVES";"LUCIANA GENRO";"9"
"PAULINO NEVES";"MARINA SILVA";"791"
"PAULINO NEVES";"MAURO IASI";"3"
"PAULINO NEVES";"NULO";"513"
"PAULINO NEVES";"PASTOR EVERALDO";"44"
"PAULINO NEVES";"RUI COSTA PIMENTA";"1"
"PAULINO NEVES";"ZÉ MARIA";"2"
"PAULO RAMOS";"AÉCIO NEVES";"835"
"PAULO RAMOS";"BRANCO";"169"
"PAULO RAMOS";"DILMA";"7828"
"PAULO RAMOS";"EDUARDO JORGE";"5"
"PAULO RAMOS";"EYMAEL";"3"
"PAULO RAMOS";"LEVY FIDELIX";"35"
"PAULO RAMOS";"LUCIANA GENRO";"11"
"PAULO RAMOS";"MARINA SILVA";"1070"
"PAULO RAMOS";"MAURO IASI";"4"
"PAULO RAMOS";"NULO";"891"
"PAULO RAMOS";"PASTOR EVERALDO";"61"
"PAULO RAMOS";"ZÉ MARIA";"7"
"PAÇO DO LUMIAR";"AÉCIO NEVES";"4082"
"PAÇO DO LUMIAR";"BRANCO";"1614"
"PAÇO DO LUMIAR";"DILMA";"25481"
"PAÇO DO LUMIAR";"EDUARDO JORGE";"118"
"PAÇO DO LUMIAR";"EYMAEL";"35"
"PAÇO DO LUMIAR";"LEVY FIDELIX";"214"
"PAÇO DO LUMIAR";"LUCIANA GENRO";"359"
"PAÇO DO LUMIAR";"MARINA SILVA";"11959"
"PAÇO DO LUMIAR";"MAURO IASI";"25"
"PAÇO DO LUMIAR";"NULO";"1997"
"PAÇO DO LUMIAR";"PASTOR EVERALDO";"538"
"PAÇO DO LUMIAR";"RUI COSTA PIMENTA";"7"
"PAÇO DO LUMIAR";"ZÉ MARIA";"140"
"PEDREIRAS";"AÉCIO NEVES";"2630"
"PEDREIRAS";"BRANCO";"518"
"PEDREIRAS";"DILMA";"12837"
"PEDREIRAS";"EDUARDO JORGE";"47"
"PEDREIRAS";"EYMAEL";"4"
"PEDREIRAS";"LEVY FIDELIX";"64"
"PEDREIRAS";"LUCIANA GENRO";"78"
"PEDREIRAS";"MARINA SILVA";"4140"
"PEDREIRAS";"MAURO IASI";"7"
"PEDREIRAS";"NULO";"1354"
"PEDREIRAS";"PASTOR EVERALDO";"111"
"PEDREIRAS";"RUI COSTA PIMENTA";"1"
"PEDREIRAS";"ZÉ MARIA";"15"
"PEDRO DO ROSÁRIO";"AÉCIO NEVES";"409"
"PEDRO DO ROSÁRIO";"BRANCO";"108"
"PEDRO DO ROSÁRIO";"DILMA";"9360"
"PEDRO DO ROSÁRIO";"EDUARDO JORGE";"18"
"PEDRO DO ROSÁRIO";"EYMAEL";"4"
"PEDRO DO ROSÁRIO";"LEVY FIDELIX";"2"
"PEDRO DO ROSÁRIO";"LUCIANA GENRO";"3"
"PEDRO DO ROSÁRIO";"MARINA SILVA";"941"
"PEDRO DO ROSÁRIO";"NULO";"856"
"PEDRO DO ROSÁRIO";"PASTOR EVERALDO";"86"
"PEDRO DO ROSÁRIO";"ZÉ MARIA";"7"
"PENALVA";"AÉCIO NEVES";"543"
"PENALVA";"BRANCO";"230"
"PENALVA";"DILMA";"13176"
"PENALVA";"EDUARDO JORGE";"22"
"PENALVA";"EYMAEL";"11"
"PENALVA";"LEVY FIDELIX";"9"
"PENALVA";"LUCIANA GENRO";"18"
"PENALVA";"MARINA SILVA";"1161"
"PENALVA";"MAURO IASI";"1"
"PENALVA";"NULO";"1233"
"PENALVA";"PASTOR EVERALDO";"98"
"PENALVA";"ZÉ MARIA";"5"
"PERI MIRIM";"AÉCIO NEVES";"480"
"PERI MIRIM";"BRANCO";"256"
"PERI MIRIM";"DILMA";"5649"
"PERI MIRIM";"EDUARDO JORGE";"20"
"PERI MIRIM";"LEVY FIDELIX";"2"
"PERI MIRIM";"LUCIANA GENRO";"14"
"PERI MIRIM";"MARINA SILVA";"817"
"PERI MIRIM";"MAURO IASI";"1"
"PERI MIRIM";"NULO";"397"
"PERI MIRIM";"PASTOR EVERALDO";"28"
"PERI MIRIM";"ZÉ MARIA";"4"
"PERITORÓ";"AÉCIO NEVES";"554"
"PERITORÓ";"BRANCO";"149"
"PERITORÓ";"DILMA";"8918"
"PERITORÓ";"EDUARDO JORGE";"22"
"PERITORÓ";"LEVY FIDELIX";"9"
"PERITORÓ";"LUCIANA GENRO";"13"
"PERITORÓ";"MARINA SILVA";"730"
"PERITORÓ";"MAURO IASI";"6"
"PERITORÓ";"NULO";"851"
"PERITORÓ";"PASTOR EVERALDO";"25"
"PERITORÓ";"RUI COSTA PIMENTA";"1"
"PERITORÓ";"ZÉ MARIA";"7"
"PINDARÉ-MIRIM";"AÉCIO NEVES";"1145"
"PINDARÉ-MIRIM";"BRANCO";"319"
"PINDARÉ-MIRIM";"DILMA";"12764"
"PINDARÉ-MIRIM";"EDUARDO JORGE";"39"
"PINDARÉ-MIRIM";"EYMAEL";"9"
"PINDARÉ-MIRIM";"LEVY FIDELIX";"30"
"PINDARÉ-MIRIM";"LUCIANA GENRO";"39"
"PINDARÉ-MIRIM";"MARINA SILVA";"1813"
"PINDARÉ-MIRIM";"MAURO IASI";"4"
"PINDARÉ-MIRIM";"NULO";"1188"
"PINDARÉ-MIRIM";"PASTOR EVERALDO";"131"
"PINDARÉ-MIRIM";"ZÉ MARIA";"6"
"PINHEIRO";"AÉCIO NEVES";"3725"
"PINHEIRO";"BRANCO";"670"
"PINHEIRO";"DILMA";"25275"
"PINHEIRO";"EDUARDO JORGE";"113"
"PINHEIRO";"EYMAEL";"5"
"PINHEIRO";"LEVY FIDELIX";"30"
"PINHEIRO";"LUCIANA GENRO";"110"
"PINHEIRO";"MARINA SILVA";"8166"
"PINHEIRO";"MAURO IASI";"5"
"PINHEIRO";"NULO";"2032"
"PINHEIRO";"PASTOR EVERALDO";"225"
"PINHEIRO";"ZÉ MARIA";"16"
"PIO XII";"AÉCIO NEVES";"836"
"PIO XII";"BRANCO";"204"
"PIO XII";"DILMA";"10344"
"PIO XII";"EDUARDO JORGE";"27"
"PIO XII";"EYMAEL";"3"
"PIO XII";"LEVY FIDELIX";"16"
"PIO XII";"LUCIANA GENRO";"9"
"PIO XII";"MARINA SILVA";"1217"
"PIO XII";"NULO";"1202"
"PIO XII";"PASTOR EVERALDO";"62"
"PIO XII";"RUI COSTA PIMENTA";"6"
"PIO XII";"ZÉ MARIA";"9"
"PIRAPEMAS";"AÉCIO NEVES";"403"
"PIRAPEMAS";"BRANCO";"152"
"PIRAPEMAS";"DILMA";"6441"
"PIRAPEMAS";"EDUARDO JORGE";"12"
"PIRAPEMAS";"EYMAEL";"7"
"PIRAPEMAS";"LEVY FIDELIX";"8"
"PIRAPEMAS";"LUCIANA GENRO";"9"
"PIRAPEMAS";"MARINA SILVA";"640"
"PIRAPEMAS";"MAURO IASI";"1"
"PIRAPEMAS";"NULO";"703"
"PIRAPEMAS";"PASTOR EVERALDO";"9"
"PIRAPEMAS";"ZÉ MARIA";"3"
"PORTO FRANCO";"AÉCIO NEVES";"3230"
"PORTO FRANCO";"BRANCO";"138"
"PORTO FRANCO";"DILMA";"6475"
"PORTO FRANCO";"EDUARDO JORGE";"14"
"PORTO FRANCO";"EYMAEL";"1"
"PORTO FRANCO";"LEVY FIDELIX";"9"
"PORTO FRANCO";"LUCIANA GENRO";"25"
"PORTO FRANCO";"MARINA SILVA";"2280"
"PORTO FRANCO";"MAURO IASI";"4"
"PORTO FRANCO";"NULO";"596"
"PORTO FRANCO";"PASTOR EVERALDO";"62"
"PORTO FRANCO";"RUI COSTA PIMENTA";"1"
"PORTO FRANCO";"ZÉ MARIA";"3"
"PORTO RICO DO MARANHÃO";"AÉCIO NEVES";"192"
"PORTO RICO DO MARANHÃO";"BRANCO";"165"
"PORTO RICO DO MARANHÃO";"DILMA";"2785"
"PORTO RICO DO MARANHÃO";"EDUARDO JORGE";"15"
"PORTO RICO DO MARANHÃO";"LEVY FIDELIX";"11"
"PORTO RICO DO MARANHÃO";"LUCIANA GENRO";"9"
"PORTO RICO DO MARANHÃO";"MARINA SILVA";"945"
"PORTO RICO DO MARANHÃO";"NULO";"225"
"PORTO RICO DO MARANHÃO";"PASTOR EVERALDO";"12"
"PORTO RICO DO MARANHÃO";"ZÉ MARIA";"5"
"POÇÃO DE PEDRAS";"AÉCIO NEVES";"1072"
"POÇÃO DE PEDRAS";"BRANCO";"227"
"POÇÃO DE PEDRAS";"DILMA";"7818"
"POÇÃO DE PEDRAS";"EDUARDO JORGE";"28"
"POÇÃO DE PEDRAS";"LEVY FIDELIX";"17"
"POÇÃO DE PEDRAS";"LUCIANA GENRO";"15"
"POÇÃO DE PEDRAS";"MARINA SILVA";"1156"
"POÇÃO DE PEDRAS";"MAURO IASI";"4"
"POÇÃO DE PEDRAS";"NULO";"698"
"POÇÃO DE PEDRAS";"PASTOR EVERALDO";"68"
"POÇÃO DE PEDRAS";"ZÉ MARIA";"7"
"PRESIDENTE DUTRA";"AÉCIO NEVES";"3171"
"PRESIDENTE DUTRA";"BRANCO";"471"
"PRESIDENTE DUTRA";"DILMA";"15128"
"PRESIDENTE DUTRA";"EDUARDO JORGE";"28"
"PRESIDENTE DUTRA";"EYMAEL";"4"
"PRESIDENTE DUTRA";"LEVY FIDELIX";"19"
"PRESIDENTE DUTRA";"LUCIANA GENRO";"37"
"PRESIDENTE DUTRA";"MARINA SILVA";"3041"
"PRESIDENTE DUTRA";"MAURO IASI";"4"
"PRESIDENTE DUTRA";"NULO";"1087"
"PRESIDENTE DUTRA";"PASTOR EVERALDO";"83"
"PRESIDENTE DUTRA";"ZÉ MARIA";"7"
"PRESIDENTE JUSCELINO";"AÉCIO NEVES";"160"
"PRESIDENTE JUSCELINO";"BRANCO";"60"
"PRESIDENTE JUSCELINO";"DILMA";"5088"
"PRESIDENTE JUSCELINO";"EDUARDO JORGE";"2"
"PRESIDENTE JUSCELINO";"EYMAEL";"2"
"PRESIDENTE JUSCELINO";"LEVY FIDELIX";"21"
"PRESIDENTE JUSCELINO";"LUCIANA GENRO";"6"
"PRESIDENTE JUSCELINO";"MARINA SILVA";"525"
"PRESIDENTE JUSCELINO";"MAURO IASI";"1"
"PRESIDENTE JUSCELINO";"NULO";"377"
"PRESIDENTE JUSCELINO";"PASTOR EVERALDO";"53"
"PRESIDENTE JUSCELINO";"ZÉ MARIA";"2"
"PRESIDENTE MÉDICI";"AÉCIO NEVES";"286"
"PRESIDENTE MÉDICI";"BRANCO";"38"
"PRESIDENTE MÉDICI";"DILMA";"2730"
"PRESIDENTE MÉDICI";"EDUARDO JORGE";"13"
"PRESIDENTE MÉDICI";"EYMAEL";"2"
"PRESIDENTE MÉDICI";"LEVY FIDELIX";"3"
"PRESIDENTE MÉDICI";"LUCIANA GENRO";"8"
"PRESIDENTE MÉDICI";"MARINA SILVA";"370"
"PRESIDENTE MÉDICI";"MAURO IASI";"2"
"PRESIDENTE MÉDICI";"NULO";"262"
"PRESIDENTE MÉDICI";"PASTOR EVERALDO";"17"
"PRESIDENTE MÉDICI";"ZÉ MARIA";"1"
"PRESIDENTE SARNEY";"AÉCIO NEVES";"439"
"PRESIDENTE SARNEY";"BRANCO";"98"
"PRESIDENTE SARNEY";"DILMA";"7054"
"PRESIDENTE SARNEY";"EDUARDO JORGE";"40"
"PRESIDENTE SARNEY";"LUCIANA GENRO";"6"
"PRESIDENTE SARNEY";"MARINA SILVA";"913"
"PRESIDENTE SARNEY";"MAURO IASI";"1"
"PRESIDENTE SARNEY";"NULO";"613"
"PRESIDENTE SARNEY";"PASTOR EVERALDO";"48"
"PRESIDENTE SARNEY";"ZÉ MARIA";"7"
"PRESIDENTE VARGAS";"AÉCIO NEVES";"325"
"PRESIDENTE VARGAS";"BRANCO";"116"
"PRESIDENTE VARGAS";"DILMA";"5265"
"PRESIDENTE VARGAS";"EDUARDO JORGE";"34"
"PRESIDENTE VARGAS";"EYMAEL";"5"
"PRESIDENTE VARGAS";"LEVY FIDELIX";"5"
"PRESIDENTE VARGAS";"LUCIANA GENRO";"18"
"PRESIDENTE VARGAS";"MARINA SILVA";"665"
"PRESIDENTE VARGAS";"NULO";"533"
"PRESIDENTE VARGAS";"PASTOR EVERALDO";"9"
"PRESIDENTE VARGAS";"ZÉ MARIA";"6"
"PRIMEIRA CRUZ";"AÉCIO NEVES";"335"
"PRIMEIRA CRUZ";"BRANCO";"96"
"PRIMEIRA CRUZ";"DILMA";"5683"
"PRIMEIRA CRUZ";"EDUARDO JORGE";"2"
"PRIMEIRA CRUZ";"EYMAEL";"1"
"PRIMEIRA CRUZ";"LEVY FIDELIX";"9"
"PRIMEIRA CRUZ";"LUCIANA GENRO";"5"
"PRIMEIRA CRUZ";"MARINA SILVA";"588"
"PRIMEIRA CRUZ";"MAURO IASI";"2"
"PRIMEIRA CRUZ";"NULO";"453"
"PRIMEIRA CRUZ";"PASTOR EVERALDO";"22"
"PRIMEIRA CRUZ";"ZÉ MARIA";"2"
"RAPOSA";"AÉCIO NEVES";"893"
"RAPOSA";"BRANCO";"296"
"RAPOSA";"DILMA";"8767"
"RAPOSA";"EDUARDO JORGE";"42"
"RAPOSA";"EYMAEL";"2"
"RAPOSA";"LEVY FIDELIX";"29"
"RAPOSA";"LUCIANA GENRO";"20"
"RAPOSA";"MARINA SILVA";"2321"
"RAPOSA";"MAURO IASI";"2"
"RAPOSA";"NULO";"583"
"RAPOSA";"PASTOR EVERALDO";"192"
"RAPOSA";"RUI COSTA PIMENTA";"1"
"RAPOSA";"ZÉ MARIA";"13"
"RIACHÃO";"AÉCIO NEVES";"1363"
"RIACHÃO";"BRANCO";"135"
"RIACHÃO";"DILMA";"6954"
"RIACHÃO";"EDUARDO JORGE";"18"
"RIACHÃO";"LEVY FIDELIX";"3"
"RIACHÃO";"LUCIANA GENRO";"11"
"RIACHÃO";"MARINA SILVA";"938"
"RIACHÃO";"MAURO IASI";"4"
"RIACHÃO";"NULO";"781"
"RIACHÃO";"PASTOR EVERALDO";"79"
"RIACHÃO";"ZÉ MARIA";"6"
"RIBAMAR FIQUENE";"AÉCIO NEVES";"896"
"RIBAMAR FIQUENE";"BRANCO";"71"
"RIBAMAR FIQUENE";"DILMA";"3033"
"RIBAMAR FIQUENE";"EDUARDO JORGE";"13"
"RIBAMAR FIQUENE";"EYMAEL";"3"
"RIBAMAR FIQUENE";"LEVY FIDELIX";"2"
"RIBAMAR FIQUENE";"LUCIANA GENRO";"5"
"RIBAMAR FIQUENE";"MARINA SILVA";"473"
"RIBAMAR FIQUENE";"NULO";"252"
"RIBAMAR FIQUENE";"PASTOR EVERALDO";"30"
"RIBAMAR FIQUENE";"RUI COSTA PIMENTA";"1"
"RIBAMAR FIQUENE";"ZÉ MARIA";"1"
"ROSÁRIO";"AÉCIO NEVES";"988"
"ROSÁRIO";"BRANCO";"556"
"ROSÁRIO";"DILMA";"16060"
"ROSÁRIO";"EDUARDO JORGE";"24"
"ROSÁRIO";"EYMAEL";"5"
"ROSÁRIO";"LEVY FIDELIX";"29"
"ROSÁRIO";"LUCIANA GENRO";"48"
"ROSÁRIO";"MARINA SILVA";"3124"
"ROSÁRIO";"MAURO IASI";"12"
"ROSÁRIO";"NULO";"1137"
"ROSÁRIO";"PASTOR EVERALDO";"202"
"ROSÁRIO";"RUI COSTA PIMENTA";"1"
"ROSÁRIO";"ZÉ MARIA";"19"
"SAMBAÍBA";"AÉCIO NEVES";"486"
"SAMBAÍBA";"BRANCO";"32"
"SAMBAÍBA";"DILMA";"2725"
"SAMBAÍBA";"EDUARDO JORGE";"13"
"SAMBAÍBA";"EYMAEL";"2"
"SAMBAÍBA";"LEVY FIDELIX";"6"
"SAMBAÍBA";"LUCIANA GENRO";"3"
"SAMBAÍBA";"MARINA SILVA";"489"
"SAMBAÍBA";"MAURO IASI";"1"
"SAMBAÍBA";"NULO";"257"
"SAMBAÍBA";"PASTOR EVERALDO";"9"
"SANTA FILOMENA DO MARANHÃO";"AÉCIO NEVES";"312"
"SANTA FILOMENA DO MARANHÃO";"BRANCO";"93"
"SANTA FILOMENA DO MARANHÃO";"DILMA";"2788"
"SANTA FILOMENA DO MARANHÃO";"EDUARDO JORGE";"10"
"SANTA FILOMENA DO MARANHÃO";"EYMAEL";"2"
"SANTA FILOMENA DO MARANHÃO";"LEVY FIDELIX";"2"
"SANTA FILOMENA DO MARANHÃO";"LUCIANA GENRO";"2"
"SANTA FILOMENA DO MARANHÃO";"MARINA SILVA";"376"
"SANTA FILOMENA DO MARANHÃO";"MAURO IASI";"1"
"SANTA FILOMENA DO MARANHÃO";"NULO";"291"
"SANTA FILOMENA DO MARANHÃO";"PASTOR EVERALDO";"13"
"SANTA HELENA";"AÉCIO NEVES";"1227"
"SANTA HELENA";"BRANCO";"281"
"SANTA HELENA";"DILMA";"10295"
"SANTA HELENA";"EDUARDO JORGE";"59"
"SANTA HELENA";"EYMAEL";"2"
"SANTA HELENA";"LEVY FIDELIX";"10"
"SANTA HELENA";"LUCIANA GENRO";"18"
"SANTA HELENA";"MARINA SILVA";"2648"
"SANTA HELENA";"MAURO IASI";"2"
"SANTA HELENA";"NULO";"855"
"SANTA HELENA";"PASTOR EVERALDO";"46"
"SANTA HELENA";"RUI COSTA PIMENTA";"1"
"SANTA HELENA";"ZÉ MARIA";"8"
"SANTA INÊS";"AÉCIO NEVES";"4908"
"SANTA INÊS";"BRANCO";"1106"
"SANTA INÊS";"DILMA";"27776"
"SANTA INÊS";"EDUARDO JORGE";"76"
"SANTA INÊS";"EYMAEL";"4"
"SANTA INÊS";"LEVY FIDELIX";"84"
"SANTA INÊS";"LUCIANA GENRO";"112"
"SANTA INÊS";"MARINA SILVA";"6743"
"SANTA INÊS";"MAURO IASI";"9"
"SANTA INÊS";"NULO";"2289"
"SANTA INÊS";"PASTOR EVERALDO";"308"
"SANTA INÊS";"RUI COSTA PIMENTA";"3"
"SANTA INÊS";"ZÉ MARIA";"28"
"SANTA LUZIA";"AÉCIO NEVES";"2640"
"SANTA LUZIA";"BRANCO";"479"
"SANTA LUZIA";"DILMA";"24147"
"SANTA LUZIA";"EDUARDO JORGE";"29"
"SANTA LUZIA";"EYMAEL";"21"
"SANTA LUZIA";"LEVY FIDELIX";"58"
"SANTA LUZIA";"LUCIANA GENRO";"58"
"SANTA LUZIA";"MARINA SILVA";"2759"
"SANTA LUZIA";"MAURO IASI";"6"
"SANTA LUZIA";"NULO";"1787"
"SANTA LUZIA";"PASTOR EVERALDO";"216"
"SANTA LUZIA";"RUI COSTA PIMENTA";"1"
"SANTA LUZIA";"ZÉ MARIA";"7"
"SANTA LUZIA DO PARUÁ";"AÉCIO NEVES";"924"
"SANTA LUZIA DO PARUÁ";"BRANCO";"206"
"SANTA LUZIA DO PARUÁ";"DILMA";"8812"
"SANTA LUZIA DO PARUÁ";"EDUARDO JORGE";"19"
"SANTA LUZIA DO PARUÁ";"EYMAEL";"2"
"SANTA LUZIA DO PARUÁ";"LEVY FIDELIX";"11"
"SANTA LUZIA DO PARUÁ";"LUCIANA GENRO";"11"
"SANTA LUZIA DO PARUÁ";"MARINA SILVA";"1213"
"SANTA LUZIA DO PARUÁ";"MAURO IASI";"3"
"SANTA LUZIA DO PARUÁ";"NULO";"697"
"SANTA LUZIA DO PARUÁ";"PASTOR EVERALDO";"90"
"SANTA LUZIA DO PARUÁ";"ZÉ MARIA";"2"
"SANTA QUITÉRIA DO MARANHÃO";"AÉCIO NEVES";"768"
"SANTA QUITÉRIA DO MARANHÃO";"BRANCO";"302"
"SANTA QUITÉRIA DO MARANHÃO";"DILMA";"11206"
"SANTA QUITÉRIA DO MARANHÃO";"EDUARDO JORGE";"43"
"SANTA QUITÉRIA DO MARANHÃO";"EYMAEL";"15"
"SANTA QUITÉRIA DO MARANHÃO";"LEVY FIDELIX";"7"
"SANTA QUITÉRIA DO MARANHÃO";"LUCIANA GENRO";"13"
"SANTA QUITÉRIA DO MARANHÃO";"MARINA SILVA";"1102"
"SANTA QUITÉRIA DO MARANHÃO";"MAURO IASI";"3"
"SANTA QUITÉRIA DO MARANHÃO";"NULO";"1137"
"SANTA QUITÉRIA DO MARANHÃO";"PASTOR EVERALDO";"11"
"SANTA QUITÉRIA DO MARANHÃO";"ZÉ MARIA";"13"
"SANTA RITA";"AÉCIO NEVES";"1394"
"SANTA RITA";"BRANCO";"535"
"SANTA RITA";"DILMA";"11885"
"SANTA RITA";"EDUARDO JORGE";"15"
"SANTA RITA";"EYMAEL";"6"
"SANTA RITA";"LEVY FIDELIX";"19"
"SANTA RITA";"LUCIANA GENRO";"19"
"SANTA RITA";"MARINA SILVA";"1697"
"SANTA RITA";"MAURO IASI";"2"
"SANTA RITA";"NULO";"1010"
"SANTA RITA";"PASTOR EVERALDO";"98"
"SANTA RITA";"ZÉ MARIA";"5"
"SANTANA DO MARANHÃO";"AÉCIO NEVES";"233"
"SANTANA DO MARANHÃO";"BRANCO";"51"
"SANTANA DO MARANHÃO";"DILMA";"3449"
"SANTANA DO MARANHÃO";"EDUARDO JORGE";"3"
"SANTANA DO MARANHÃO";"EYMAEL";"1"
"SANTANA DO MARANHÃO";"LEVY FIDELIX";"3"
"SANTANA DO MARANHÃO";"LUCIANA GENRO";"3"
"SANTANA DO MARANHÃO";"MARINA SILVA";"752"
"SANTANA DO MARANHÃO";"NULO";"400"
"SANTANA DO MARANHÃO";"PASTOR EVERALDO";"9"
"SANTANA DO MARANHÃO";"RUI COSTA PIMENTA";"2"
"SANTANA DO MARANHÃO";"ZÉ MARIA";"2"
"SANTO AMARO DO MARANHÃO";"AÉCIO NEVES";"249"
"SANTO AMARO DO MARANHÃO";"BRANCO";"102"
"SANTO AMARO DO MARANHÃO";"DILMA";"5339"
"SANTO AMARO DO MARANHÃO";"EDUARDO JORGE";"16"
"SANTO AMARO DO MARANHÃO";"EYMAEL";"22"
"SANTO AMARO DO MARANHÃO";"LEVY FIDELIX";"10"
"SANTO AMARO DO MARANHÃO";"LUCIANA GENRO";"4"
"SANTO AMARO DO MARANHÃO";"MARINA SILVA";"717"
"SANTO AMARO DO MARANHÃO";"MAURO IASI";"1"
"SANTO AMARO DO MARANHÃO";"NULO";"336"
"SANTO AMARO DO MARANHÃO";"PASTOR EVERALDO";"22"
"SANTO AMARO DO MARANHÃO";"ZÉ MARIA";"4"
"SANTO ANTÔNIO DOS LOPES";"AÉCIO NEVES";"1020"
"SANTO ANTÔNIO DOS LOPES";"BRANCO";"197"
"SANTO ANTÔNIO DOS LOPES";"DILMA";"5850"
"SANTO ANTÔNIO DOS LOPES";"EDUARDO JORGE";"7"
"SANTO ANTÔNIO DOS LOPES";"EYMAEL";"2"
"SANTO ANTÔNIO DOS LOPES";"LEVY FIDELIX";"9"
"SANTO ANTÔNIO DOS LOPES";"LUCIANA GENRO";"10"
"SANTO ANTÔNIO DOS LOPES";"MARINA SILVA";"1340"
"SANTO ANTÔNIO DOS LOPES";"MAURO IASI";"2"
"SANTO ANTÔNIO DOS LOPES";"NULO";"656"
"SANTO ANTÔNIO DOS LOPES";"PASTOR EVERALDO";"15"
"SANTO ANTÔNIO DOS LOPES";"RUI COSTA PIMENTA";"1"
"SANTO ANTÔNIO DOS LOPES";"ZÉ MARIA";"1"
"SATUBINHA";"AÉCIO NEVES";"315"
"SATUBINHA";"BRANCO";"49"
"SATUBINHA";"DILMA";"2851"
"SATUBINHA";"EDUARDO JORGE";"18"
"SATUBINHA";"LEVY FIDELIX";"5"
"SATUBINHA";"LUCIANA GENRO";"2"
"SATUBINHA";"MARINA SILVA";"270"
"SATUBINHA";"MAURO IASI";"2"
"SATUBINHA";"NULO";"344"
"SATUBINHA";"PASTOR EVERALDO";"14"
"SATUBINHA";"ZÉ MARIA";"2"
"SENADOR ALEXANDRE COSTA";"AÉCIO NEVES";"384"
"SENADOR ALEXANDRE COSTA";"BRANCO";"50"
"SENADOR ALEXANDRE COSTA";"DILMA";"3648"
"SENADOR ALEXANDRE COSTA";"EDUARDO JORGE";"4"
"SENADOR ALEXANDRE COSTA";"EYMAEL";"16"
"SENADOR ALEXANDRE COSTA";"LEVY FIDELIX";"1"
"SENADOR ALEXANDRE COSTA";"LUCIANA GENRO";"4"
"SENADOR ALEXANDRE COSTA";"MARINA SILVA";"563"
"SENADOR ALEXANDRE COSTA";"MAURO IASI";"1"
"SENADOR ALEXANDRE COSTA";"NULO";"383"
"SENADOR ALEXANDRE COSTA";"PASTOR EVERALDO";"4"
"SENADOR ALEXANDRE COSTA";"ZÉ MARIA";"2"
"SENADOR LA ROCQUE";"AÉCIO NEVES";"1041"
"SENADOR LA ROCQUE";"BRANCO";"218"
"SENADOR LA ROCQUE";"DILMA";"6588"
"SENADOR LA ROCQUE";"EDUARDO JORGE";"6"
"SENADOR LA ROCQUE";"EYMAEL";"2"
"SENADOR LA ROCQUE";"LEVY FIDELIX";"16"
"SENADOR LA ROCQUE";"LUCIANA GENRO";"41"
"SENADOR LA ROCQUE";"MARINA SILVA";"1080"
"SENADOR LA ROCQUE";"MAURO IASI";"3"
"SENADOR LA ROCQUE";"NULO";"717"
"SENADOR LA ROCQUE";"PASTOR EVERALDO";"98"
"SENADOR LA ROCQUE";"ZÉ MARIA";"5"
"SERRANO DO MARANHÃO";"AÉCIO NEVES";"111"
"SERRANO DO MARANHÃO";"BRANCO";"119"
"SERRANO DO MARANHÃO";"DILMA";"4444"
"SERRANO DO MARANHÃO";"EDUARDO JORGE";"6"
"SERRANO DO MARANHÃO";"EYMAEL";"2"
"SERRANO DO MARANHÃO";"LEVY FIDELIX";"3"
"SERRANO DO MARANHÃO";"LUCIANA GENRO";"6"
"SERRANO DO MARANHÃO";"MARINA SILVA";"332"
"SERRANO DO MARANHÃO";"NULO";"557"
"SERRANO DO MARANHÃO";"PASTOR EVERALDO";"13"
"SERRANO DO MARANHÃO";"RUI COSTA PIMENTA";"1"
"SERRANO DO MARANHÃO";"ZÉ MARIA";"6"
"SUCUPIRA DO NORTE";"AÉCIO NEVES";"419"
"SUCUPIRA DO NORTE";"BRANCO";"130"
"SUCUPIRA DO NORTE";"DILMA";"4592"
"SUCUPIRA DO NORTE";"EDUARDO JORGE";"9"
"SUCUPIRA DO NORTE";"EYMAEL";"4"
"SUCUPIRA DO NORTE";"LEVY FIDELIX";"4"
"SUCUPIRA DO NORTE";"LUCIANA GENRO";"4"
"SUCUPIRA DO NORTE";"MARINA SILVA";"431"
"SUCUPIRA DO NORTE";"MAURO IASI";"1"
"SUCUPIRA DO NORTE";"NULO";"512"
"SUCUPIRA DO NORTE";"PASTOR EVERALDO";"11"
"SUCUPIRA DO NORTE";"ZÉ MARIA";"2"
"SUCUPIRA DO RIACHÃO";"AÉCIO NEVES";"246"
"SUCUPIRA DO RIACHÃO";"BRANCO";"60"
"SUCUPIRA DO RIACHÃO";"DILMA";"2116"
"SUCUPIRA DO RIACHÃO";"EDUARDO JORGE";"4"
"SUCUPIRA DO RIACHÃO";"EYMAEL";"7"
"SUCUPIRA DO RIACHÃO";"LEVY FIDELIX";"4"
"SUCUPIRA DO RIACHÃO";"LUCIANA GENRO";"3"
"SUCUPIRA DO RIACHÃO";"MARINA SILVA";"245"
"SUCUPIRA DO RIACHÃO";"NULO";"296"
"SUCUPIRA DO RIACHÃO";"PASTOR EVERALDO";"19"
"SUCUPIRA DO RIACHÃO";"ZÉ MARIA";"2"
"SÃO BENEDITO DO RIO PRETO";"AÉCIO NEVES";"379"
"SÃO BENEDITO DO RIO PRETO";"BRANCO";"142"
"SÃO BENEDITO DO RIO PRETO";"DILMA";"8129"
"SÃO BENEDITO DO RIO PRETO";"EDUARDO JORGE";"3"
"SÃO BENEDITO DO RIO PRETO";"EYMAEL";"16"
"SÃO BENEDITO DO RIO PRETO";"LEVY FIDELIX";"2"
"SÃO BENEDITO DO RIO PRETO";"LUCIANA GENRO";"4"
"SÃO BENEDITO DO RIO PRETO";"MARINA SILVA";"719"
"SÃO BENEDITO DO RIO PRETO";"MAURO IASI";"5"
"SÃO BENEDITO DO RIO PRETO";"NULO";"742"
"SÃO BENEDITO DO RIO PRETO";"PASTOR EVERALDO";"72"
"SÃO BENEDITO DO RIO PRETO";"RUI COSTA PIMENTA";"1"
"SÃO BENEDITO DO RIO PRETO";"ZÉ MARIA";"6"
"SÃO BENTO";"AÉCIO NEVES";"918"
"SÃO BENTO";"BRANCO";"468"
"SÃO BENTO";"DILMA";"13876"
"SÃO BENTO";"EDUARDO JORGE";"86"
"SÃO BENTO";"EYMAEL";"11"
"SÃO BENTO";"LEVY FIDELIX";"16"
"SÃO BENTO";"LUCIANA GENRO";"27"
"SÃO BENTO";"MARINA SILVA";"1846"
"SÃO BENTO";"MAURO IASI";"6"
"SÃO BENTO";"NULO";"1036"
"SÃO BENTO";"PASTOR EVERALDO";"69"
"SÃO BENTO";"RUI COSTA PIMENTA";"1"
"SÃO BENTO";"ZÉ MARIA";"7"
"SÃO BERNARDO";"AÉCIO NEVES";"1373"
"SÃO BERNARDO";"BRANCO";"302"
"SÃO BERNARDO";"DILMA";"9750"
"SÃO BERNARDO";"EDUARDO JORGE";"13"
"SÃO BERNARDO";"EYMAEL";"11"
"SÃO BERNARDO";"LEVY FIDELIX";"32"
"SÃO BERNARDO";"LUCIANA GENRO";"37"
"SÃO BERNARDO";"MARINA SILVA";"1611"
"SÃO BERNARDO";"MAURO IASI";"2"
"SÃO BERNARDO";"NULO";"1212"
"SÃO BERNARDO";"PASTOR EVERALDO";"100"
"SÃO BERNARDO";"RUI COSTA PIMENTA";"1"
"SÃO BERNARDO";"ZÉ MARIA";"8"
"SÃO DOMINGOS DO AZEITÃO";"AÉCIO NEVES";"309"
"SÃO DOMINGOS DO AZEITÃO";"BRANCO";"52"
"SÃO DOMINGOS DO AZEITÃO";"DILMA";"3187"
"SÃO DOMINGOS DO AZEITÃO";"EDUARDO JORGE";"9"
"SÃO DOMINGOS DO AZEITÃO";"EYMAEL";"2"
"SÃO DOMINGOS DO AZEITÃO";"LEVY FIDELIX";"4"
"SÃO DOMINGOS DO AZEITÃO";"LUCIANA GENRO";"3"
"SÃO DOMINGOS DO AZEITÃO";"MARINA SILVA";"195"
"SÃO DOMINGOS DO AZEITÃO";"MAURO IASI";"1"
"SÃO DOMINGOS DO AZEITÃO";"NULO";"332"
"SÃO DOMINGOS DO AZEITÃO";"PASTOR EVERALDO";"10"
"SÃO DOMINGOS DO AZEITÃO";"ZÉ MARIA";"3"
"SÃO DOMINGOS DO MARANHÃO";"AÉCIO NEVES";"2623"
"SÃO DOMINGOS DO MARANHÃO";"BRANCO";"358"
"SÃO DOMINGOS DO MARANHÃO";"DILMA";"12649"
"SÃO DOMINGOS DO MARANHÃO";"EDUARDO JORGE";"45"
"SÃO DOMINGOS DO MARANHÃO";"EYMAEL";"5"
"SÃO DOMINGOS DO MARANHÃO";"LEVY FIDELIX";"19"
"SÃO DOMINGOS DO MARANHÃO";"LUCIANA GENRO";"21"
"SÃO DOMINGOS DO MARANHÃO";"MARINA SILVA";"2169"
"SÃO DOMINGOS DO MARANHÃO";"MAURO IASI";"5"
"SÃO DOMINGOS DO MARANHÃO";"NULO";"1389"
"SÃO DOMINGOS DO MARANHÃO";"PASTOR EVERALDO";"98"
"SÃO DOMINGOS DO MARANHÃO";"RUI COSTA PIMENTA";"2"
"SÃO DOMINGOS DO MARANHÃO";"ZÉ MARIA";"10"
"SÃO FRANCISCO DO BREJÃO";"AÉCIO NEVES";"918"
"SÃO FRANCISCO DO BREJÃO";"BRANCO";"97"
"SÃO FRANCISCO DO BREJÃO";"DILMA";"2998"
"SÃO FRANCISCO DO BREJÃO";"EDUARDO JORGE";"14"
"SÃO FRANCISCO DO BREJÃO";"EYMAEL";"2"
"SÃO FRANCISCO DO BREJÃO";"LEVY FIDELIX";"10"
"SÃO FRANCISCO DO BREJÃO";"LUCIANA GENRO";"2"
"SÃO FRANCISCO DO BREJÃO";"MARINA SILVA";"874"
"SÃO FRANCISCO DO BREJÃO";"MAURO IASI";"4"
"SÃO FRANCISCO DO BREJÃO";"NULO";"326"
"SÃO FRANCISCO DO BREJÃO";"PASTOR EVERALDO";"19"
"SÃO FRANCISCO DO MARANHÃO";"AÉCIO NEVES";"329"
"SÃO FRANCISCO DO MARANHÃO";"BRANCO";"161"
"SÃO FRANCISCO DO MARANHÃO";"DILMA";"4901"
"SÃO FRANCISCO DO MARANHÃO";"EDUARDO JORGE";"3"
"SÃO FRANCISCO DO MARANHÃO";"EYMAEL";"5"
"SÃO FRANCISCO DO MARANHÃO";"LEVY FIDELIX";"34"
"SÃO FRANCISCO DO MARANHÃO";"LUCIANA GENRO";"9"
"SÃO FRANCISCO DO MARANHÃO";"MARINA SILVA";"470"
"SÃO FRANCISCO DO MARANHÃO";"MAURO IASI";"3"
"SÃO FRANCISCO DO MARANHÃO";"NULO";"660"
"SÃO FRANCISCO DO MARANHÃO";"PASTOR EVERALDO";"23"
"SÃO FRANCISCO DO MARANHÃO";"RUI COSTA PIMENTA";"1"
"SÃO FRANCISCO DO MARANHÃO";"ZÉ MARIA";"1"
"SÃO FÉLIX DE BALSAS";"AÉCIO NEVES";"207"
"SÃO FÉLIX DE BALSAS";"BRANCO";"81"
"SÃO FÉLIX DE BALSAS";"DILMA";"1996"
"SÃO FÉLIX DE BALSAS";"EDUARDO JORGE";"14"
"SÃO FÉLIX DE BALSAS";"EYMAEL";"1"
"SÃO FÉLIX DE BALSAS";"LEVY FIDELIX";"11"
"SÃO FÉLIX DE BALSAS";"LUCIANA GENRO";"4"
"SÃO FÉLIX DE BALSAS";"MARINA SILVA";"185"
"SÃO FÉLIX DE BALSAS";"MAURO IASI";"1"
"SÃO FÉLIX DE BALSAS";"NULO";"263"
"SÃO FÉLIX DE BALSAS";"PASTOR EVERALDO";"19"
"SÃO FÉLIX DE BALSAS";"ZÉ MARIA";"2"
"SÃO JOSÉ DE RIBAMAR";"AÉCIO NEVES";"5557"
"SÃO JOSÉ DE RIBAMAR";"BRANCO";"2693"
"SÃO JOSÉ DE RIBAMAR";"DILMA";"43855"
"SÃO JOSÉ DE RIBAMAR";"EDUARDO JORGE";"127"
"SÃO JOSÉ DE RIBAMAR";"EYMAEL";"53"
"SÃO JOSÉ DE RIBAMAR";"LEVY FIDELIX";"226"
"SÃO JOSÉ DE RIBAMAR";"LUCIANA GENRO";"326"
"SÃO JOSÉ DE RIBAMAR";"MARINA SILVA";"15670"
"SÃO JOSÉ DE RIBAMAR";"MAURO IASI";"29"
"SÃO JOSÉ DE RIBAMAR";"NULO";"3566"
"SÃO JOSÉ DE RIBAMAR";"PASTOR EVERALDO";"857"
"SÃO JOSÉ DE RIBAMAR";"RUI COSTA PIMENTA";"1"
"SÃO JOSÉ DE RIBAMAR";"ZÉ MARIA";"165"
"SÃO JOSÉ DOS BASÍLIOS";"AÉCIO NEVES";"224"
"SÃO JOSÉ DOS BASÍLIOS";"BRANCO";"59"
"SÃO JOSÉ DOS BASÍLIOS";"DILMA";"3922"
"SÃO JOSÉ DOS BASÍLIOS";"LEVY FIDELIX";"1"
"SÃO JOSÉ DOS BASÍLIOS";"LUCIANA GENRO";"3"
"SÃO JOSÉ DOS BASÍLIOS";"MARINA SILVA";"302"
"SÃO JOSÉ DOS BASÍLIOS";"MAURO IASI";"1"
"SÃO JOSÉ DOS BASÍLIOS";"NULO";"270"
"SÃO JOSÉ DOS BASÍLIOS";"PASTOR EVERALDO";"15"
"SÃO JOÃO BATISTA";"AÉCIO NEVES";"474"
"SÃO JOÃO BATISTA";"BRANCO";"251"
"SÃO JOÃO BATISTA";"DILMA";"10839"
"SÃO JOÃO BATISTA";"EDUARDO JORGE";"21"
"SÃO JOÃO BATISTA";"EYMAEL";"12"
"SÃO JOÃO BATISTA";"LEVY FIDELIX";"17"
"SÃO JOÃO BATISTA";"LUCIANA GENRO";"10"
"SÃO JOÃO BATISTA";"MARINA SILVA";"1082"
"SÃO JOÃO BATISTA";"MAURO IASI";"6"
"SÃO JOÃO BATISTA";"NULO";"847"
"SÃO JOÃO BATISTA";"PASTOR EVERALDO";"97"
"SÃO JOÃO BATISTA";"ZÉ MARIA";"13"
"SÃO JOÃO DO CARÚ";"AÉCIO NEVES";"1010"
"SÃO JOÃO DO CARÚ";"BRANCO";"75"
"SÃO JOÃO DO CARÚ";"DILMA";"4425"
"SÃO JOÃO DO CARÚ";"EDUARDO JORGE";"3"
"SÃO JOÃO DO CARÚ";"EYMAEL";"6"
"SÃO JOÃO DO CARÚ";"LEVY FIDELIX";"4"
"SÃO JOÃO DO CARÚ";"LUCIANA GENRO";"4"
"SÃO JOÃO DO CARÚ";"MARINA SILVA";"217"
"SÃO JOÃO DO CARÚ";"MAURO IASI";"3"
"SÃO JOÃO DO CARÚ";"NULO";"628"
"SÃO JOÃO DO CARÚ";"PASTOR EVERALDO";"70"
"SÃO JOÃO DO CARÚ";"ZÉ MARIA";"4"
"SÃO JOÃO DO PARAÍSO";"AÉCIO NEVES";"1212"
"SÃO JOÃO DO PARAÍSO";"BRANCO";"63"
"SÃO JOÃO DO PARAÍSO";"DILMA";"3952"
"SÃO JOÃO DO PARAÍSO";"EDUARDO JORGE";"2"
"SÃO JOÃO DO PARAÍSO";"EYMAEL";"4"
"SÃO JOÃO DO PARAÍSO";"LEVY FIDELIX";"8"
"SÃO JOÃO DO PARAÍSO";"LUCIANA GENRO";"7"
"SÃO JOÃO DO PARAÍSO";"MARINA SILVA";"698"
"SÃO JOÃO DO PARAÍSO";"MAURO IASI";"1"
"SÃO JOÃO DO PARAÍSO";"NULO";"353"
"SÃO JOÃO DO PARAÍSO";"PASTOR EVERALDO";"35"
"SÃO JOÃO DO PARAÍSO";"ZÉ MARIA";"2"
"SÃO JOÃO DO SOTER";"AÉCIO NEVES";"245"
"SÃO JOÃO DO SOTER";"BRANCO";"81"
"SÃO JOÃO DO SOTER";"DILMA";"6701"
"SÃO JOÃO DO SOTER";"EDUARDO JORGE";"1"
"SÃO JOÃO DO SOTER";"EYMAEL";"4"
"SÃO JOÃO DO SOTER";"LEVY FIDELIX";"4"
"SÃO JOÃO DO SOTER";"LUCIANA GENRO";"7"
"SÃO JOÃO DO SOTER";"MARINA SILVA";"453"
"SÃO JOÃO DO SOTER";"MAURO IASI";"2"
"SÃO JOÃO DO SOTER";"NULO";"725"
"SÃO JOÃO DO SOTER";"PASTOR EVERALDO";"15"
"SÃO JOÃO DO SOTER";"ZÉ MARIA";"4"
"SÃO JOÃO DOS PATOS";"AÉCIO NEVES";"1837"
"SÃO JOÃO DOS PATOS";"BRANCO";"401"
"SÃO JOÃO DOS PATOS";"DILMA";"8285"
"SÃO JOÃO DOS PATOS";"EDUARDO JORGE";"15"
"SÃO JOÃO DOS PATOS";"EYMAEL";"55"
"SÃO JOÃO DOS PATOS";"LEVY FIDELIX";"21"
"SÃO JOÃO DOS PATOS";"LUCIANA GENRO";"44"
"SÃO JOÃO DOS PATOS";"MARINA SILVA";"2008"
"SÃO JOÃO DOS PATOS";"MAURO IASI";"5"
"SÃO JOÃO DOS PATOS";"NULO";"831"
"SÃO JOÃO DOS PATOS";"PASTOR EVERALDO";"43"
"SÃO JOÃO DOS PATOS";"ZÉ MARIA";"7"
"SÃO LUÍS";"AÉCIO NEVES";"79555"
"SÃO LUÍS";"BRANCO";"18980"
"SÃO LUÍS";"DILMA";"254776"
"SÃO LUÍS";"EDUARDO JORGE";"2134"
"SÃO LUÍS";"EYMAEL";"539"
"SÃO LUÍS";"LEVY FIDELIX";"2473"
"SÃO LUÍS";"LUCIANA GENRO";"6916"
"SÃO LUÍS";"MARINA SILVA";"159790"
"SÃO LUÍS";"MAURO IASI";"360"
"SÃO LUÍS";"NULO";"24764"
"SÃO LUÍS";"PASTOR EVERALDO";"5476"
"SÃO LUÍS";"RUI COSTA PIMENTA";"34"
"SÃO LUÍS";"ZÉ MARIA";"2477"
"SÃO LUÍS GONZAGA DO MARANHÃO";"AÉCIO NEVES";"609"
"SÃO LUÍS GONZAGA DO MARANHÃO";"BRANCO";"180"
"SÃO LUÍS GONZAGA DO MARANHÃO";"DILMA";"9811"
"SÃO LUÍS GONZAGA DO MARANHÃO";"EDUARDO JORGE";"14"
"SÃO LUÍS GONZAGA DO MARANHÃO";"EYMAEL";"2"
"SÃO LUÍS GONZAGA DO MARANHÃO";"LEVY FIDELIX";"14"
"SÃO LUÍS GONZAGA DO MARANHÃO";"LUCIANA GENRO";"16"
"SÃO LUÍS GONZAGA DO MARANHÃO";"MARINA SILVA";"836"
"SÃO LUÍS GONZAGA DO MARANHÃO";"MAURO IASI";"4"
"SÃO LUÍS GONZAGA DO MARANHÃO";"NULO";"1086"
"SÃO LUÍS GONZAGA DO MARANHÃO";"PASTOR EVERALDO";"42"
"SÃO LUÍS GONZAGA DO MARANHÃO";"RUI COSTA PIMENTA";"1"
"SÃO LUÍS GONZAGA DO MARANHÃO";"ZÉ MARIA";"3"
"SÃO MATEUS DO MARANHÃO";"AÉCIO NEVES";"1462"
"SÃO MATEUS DO MARANHÃO";"BRANCO";"377"
"SÃO MATEUS DO MARANHÃO";"DILMA";"12984"
"SÃO MATEUS DO MARANHÃO";"EDUARDO JORGE";"31"
"SÃO MATEUS DO MARANHÃO";"EYMAEL";"11"
"SÃO MATEUS DO MARANHÃO";"LEVY FIDELIX";"39"
"SÃO MATEUS DO MARANHÃO";"LUCIANA GENRO";"43"
"SÃO MATEUS DO MARANHÃO";"MARINA SILVA";"2357"
"SÃO MATEUS DO MARANHÃO";"MAURO IASI";"7"
"SÃO MATEUS DO MARANHÃO";"NULO";"1479"
"SÃO MATEUS DO MARANHÃO";"PASTOR EVERALDO";"114"
"SÃO MATEUS DO MARANHÃO";"RUI COSTA PIMENTA";"4"
"SÃO MATEUS DO MARANHÃO";"ZÉ MARIA";"23"
"SÃO PEDRO DA ÁGUA BRANCA";"AÉCIO NEVES";"813"
"SÃO PEDRO DA ÁGUA BRANCA";"BRANCO";"96"
"SÃO PEDRO DA ÁGUA BRANCA";"DILMA";"3844"
"SÃO PEDRO DA ÁGUA BRANCA";"EDUARDO JORGE";"2"
"SÃO PEDRO DA ÁGUA BRANCA";"LEVY FIDELIX";"6"
"SÃO PEDRO DA ÁGUA BRANCA";"LUCIANA GENRO";"6"
"SÃO PEDRO DA ÁGUA BRANCA";"MARINA SILVA";"454"
"SÃO PEDRO DA ÁGUA BRANCA";"MAURO IASI";"1"
"SÃO PEDRO DA ÁGUA BRANCA";"NULO";"334"
"SÃO PEDRO DA ÁGUA BRANCA";"PASTOR EVERALDO";"33"
"SÃO PEDRO DA ÁGUA BRANCA";"ZÉ MARIA";"2"
"SÃO PEDRO DOS CRENTES";"AÉCIO NEVES";"556"
"SÃO PEDRO DOS CRENTES";"BRANCO";"30"
"SÃO PEDRO DOS CRENTES";"DILMA";"1141"
"SÃO PEDRO DOS CRENTES";"EDUARDO JORGE";"12"
"SÃO PEDRO DOS CRENTES";"LEVY FIDELIX";"8"
"SÃO PEDRO DOS CRENTES";"MARINA SILVA";"799"
"SÃO PEDRO DOS CRENTES";"NULO";"178"
"SÃO PEDRO DOS CRENTES";"PASTOR EVERALDO";"21"
"SÃO RAIMUNDO DAS MANGABEIRAS";"AÉCIO NEVES";"1693"
"SÃO RAIMUNDO DAS MANGABEIRAS";"BRANCO";"191"
"SÃO RAIMUNDO DAS MANGABEIRAS";"DILMA";"6531"
"SÃO RAIMUNDO DAS MANGABEIRAS";"EDUARDO JORGE";"47"
"SÃO RAIMUNDO DAS MANGABEIRAS";"EYMAEL";"1"
"SÃO RAIMUNDO DAS MANGABEIRAS";"LEVY FIDELIX";"8"
"SÃO RAIMUNDO DAS MANGABEIRAS";"LUCIANA GENRO";"20"
"SÃO RAIMUNDO DAS MANGABEIRAS";"MARINA SILVA";"1192"
"SÃO RAIMUNDO DAS MANGABEIRAS";"MAURO IASI";"3"
"SÃO RAIMUNDO DAS MANGABEIRAS";"NULO";"698"
"SÃO RAIMUNDO DAS MANGABEIRAS";"PASTOR EVERALDO";"65"
"SÃO RAIMUNDO DAS MANGABEIRAS";"ZÉ MARIA";"4"
"SÃO RAIMUNDO DO DOCA BEZERRA";"AÉCIO NEVES";"301"
"SÃO RAIMUNDO DO DOCA BEZERRA";"BRANCO";"64"
"SÃO RAIMUNDO DO DOCA BEZERRA";"DILMA";"2522"
"SÃO RAIMUNDO DO DOCA BEZERRA";"EDUARDO JORGE";"15"
"SÃO RAIMUNDO DO DOCA BEZERRA";"EYMAEL";"1"
"SÃO RAIMUNDO DO DOCA BEZERRA";"LEVY FIDELIX";"5"
"SÃO RAIMUNDO DO DOCA BEZERRA";"LUCIANA GENRO";"5"
"SÃO RAIMUNDO DO DOCA BEZERRA";"MARINA SILVA";"207"
"SÃO RAIMUNDO DO DOCA BEZERRA";"MAURO IASI";"1"
"SÃO RAIMUNDO DO DOCA BEZERRA";"NULO";"277"
"SÃO RAIMUNDO DO DOCA BEZERRA";"PASTOR EVERALDO";"12"
"SÃO RAIMUNDO DO DOCA BEZERRA";"ZÉ MARIA";"1"
"SÃO ROBERTO";"AÉCIO NEVES";"202"
"SÃO ROBERTO";"BRANCO";"42"
"SÃO ROBERTO";"DILMA";"2320"
"SÃO ROBERTO";"EDUARDO JORGE";"2"
"SÃO ROBERTO";"EYMAEL";"1"
"SÃO ROBERTO";"LEVY FIDELIX";"4"
"SÃO ROBERTO";"MARINA SILVA";"208"
"SÃO ROBERTO";"NULO";"258"
"SÃO ROBERTO";"PASTOR EVERALDO";"11"
"SÃO VICENTE FERRER";"AÉCIO NEVES";"407"
"SÃO VICENTE FERRER";"BRANCO";"316"
"SÃO VICENTE FERRER";"DILMA";"7980"
"SÃO VICENTE FERRER";"EDUARDO JORGE";"29"
"SÃO VICENTE FERRER";"EYMAEL";"8"
"SÃO VICENTE FERRER";"LEVY FIDELIX";"13"
"SÃO VICENTE FERRER";"LUCIANA GENRO";"14"
"SÃO VICENTE FERRER";"MARINA SILVA";"851"
"SÃO VICENTE FERRER";"MAURO IASI";"1"
"SÃO VICENTE FERRER";"NULO";"709"
"SÃO VICENTE FERRER";"PASTOR EVERALDO";"83"
"SÃO VICENTE FERRER";"ZÉ MARIA";"3"
"SÍTIO NOVO";"AÉCIO NEVES";"1959"
"SÍTIO NOVO";"BRANCO";"103"
"SÍTIO NOVO";"DILMA";"6327"
"SÍTIO NOVO";"EDUARDO JORGE";"15"
"SÍTIO NOVO";"EYMAEL";"3"
"SÍTIO NOVO";"LEVY FIDELIX";"14"
"SÍTIO NOVO";"LUCIANA GENRO";"10"
"SÍTIO NOVO";"MARINA SILVA";"858"
"SÍTIO NOVO";"MAURO IASI";"5"
"SÍTIO NOVO";"NULO";"602"
"SÍTIO NOVO";"PASTOR EVERALDO";"47"
"SÍTIO NOVO";"ZÉ MARIA";"5"
"TASSO FRAGOSO";"AÉCIO NEVES";"706"
"TASSO FRAGOSO";"BRANCO";"55"
"TASSO FRAGOSO";"DILMA";"2820"
"TASSO FRAGOSO";"EDUARDO JORGE";"8"
"TASSO FRAGOSO";"LEVY FIDELIX";"18"
"TASSO FRAGOSO";"LUCIANA GENRO";"4"
"TASSO FRAGOSO";"MARINA SILVA";"804"
"TASSO FRAGOSO";"NULO";"313"
"TASSO FRAGOSO";"PASTOR EVERALDO";"15"
"TASSO FRAGOSO";"ZÉ MARIA";"2"
"TIMBIRAS";"AÉCIO NEVES";"634"
"TIMBIRAS";"BRANCO";"165"
"TIMBIRAS";"DILMA";"9372"
"TIMBIRAS";"EDUARDO JORGE";"22"
"TIMBIRAS";"EYMAEL";"7"
"TIMBIRAS";"LEVY FIDELIX";"17"
"TIMBIRAS";"LUCIANA GENRO";"22"
"TIMBIRAS";"MARINA SILVA";"850"
"TIMBIRAS";"MAURO IASI";"4"
"TIMBIRAS";"NULO";"1147"
"TIMBIRAS";"PASTOR EVERALDO";"39"
"TIMBIRAS";"ZÉ MARIA";"8"
"TIMON";"AÉCIO NEVES";"5792"
"TIMON";"BRANCO";"2000"
"TIMON";"DILMA";"55394"
"TIMON";"EDUARDO JORGE";"78"
"TIMON";"EYMAEL";"28"
"TIMON";"LEVY FIDELIX";"122"
"TIMON";"LUCIANA GENRO";"424"
"TIMON";"MARINA SILVA";"16561"
"TIMON";"MAURO IASI";"19"
"TIMON";"NULO";"5651"
"TIMON";"PASTOR EVERALDO";"433"
"TIMON";"RUI COSTA PIMENTA";"5"
"TIMON";"ZÉ MARIA";"71"
"TRIZIDELA DO VALE";"AÉCIO NEVES";"1149"
"TRIZIDELA DO VALE";"BRANCO";"236"
"TRIZIDELA DO VALE";"DILMA";"6766"
"TRIZIDELA DO VALE";"EDUARDO JORGE";"46"
"TRIZIDELA DO VALE";"EYMAEL";"1"
"TRIZIDELA DO VALE";"LEVY FIDELIX";"14"
"TRIZIDELA DO VALE";"LUCIANA GENRO";"17"
"TRIZIDELA DO VALE";"MARINA SILVA";"1965"
"TRIZIDELA DO VALE";"MAURO IASI";"1"
"TRIZIDELA DO VALE";"NULO";"795"
"TRIZIDELA DO VALE";"PASTOR EVERALDO";"25"
"TRIZIDELA DO VALE";"RUI COSTA PIMENTA";"2"
"TRIZIDELA DO VALE";"ZÉ MARIA";"10"
"TUFILÂNDIA";"AÉCIO NEVES";"195"
"TUFILÂNDIA";"BRANCO";"50"
"TUFILÂNDIA";"DILMA";"3508"
"TUFILÂNDIA";"EDUARDO JORGE";"2"
"TUFILÂNDIA";"EYMAEL";"2"
"TUFILÂNDIA";"LEVY FIDELIX";"15"
"TUFILÂNDIA";"LUCIANA GENRO";"5"
"TUFILÂNDIA";"MARINA SILVA";"288"
"TUFILÂNDIA";"NULO";"314"
"TUFILÂNDIA";"PASTOR EVERALDO";"34"
"TUFILÂNDIA";"ZÉ MARIA";"4"
"TUNTUM";"AÉCIO NEVES";"2949"
"TUNTUM";"BRANCO";"429"
"TUNTUM";"DILMA";"11878"
"TUNTUM";"EDUARDO JORGE";"17"
"TUNTUM";"EYMAEL";"2"
"TUNTUM";"LEVY FIDELIX";"15"
"TUNTUM";"LUCIANA GENRO";"21"
"TUNTUM";"MARINA SILVA";"2801"
"TUNTUM";"MAURO IASI";"6"
"TUNTUM";"NULO";"1522"
"TUNTUM";"PASTOR EVERALDO";"139"
"TUNTUM";"ZÉ MARIA";"12"
"TURIAÇU";"AÉCIO NEVES";"1159"
"TURIAÇU";"BRANCO";"299"
"TURIAÇU";"DILMA";"13120"
"TURIAÇU";"EDUARDO JORGE";"32"
"TURIAÇU";"EYMAEL";"9"
"TURIAÇU";"LEVY FIDELIX";"9"
"TURIAÇU";"LUCIANA GENRO";"24"
"TURIAÇU";"MARINA SILVA";"1879"
"TURIAÇU";"MAURO IASI";"3"
"TURIAÇU";"NULO";"904"
"TURIAÇU";"PASTOR EVERALDO";"95"
"TURIAÇU";"RUI COSTA PIMENTA";"1"
"TURIAÇU";"ZÉ MARIA";"5"
"TURILÂNDIA";"AÉCIO NEVES";"508"
"TURILÂNDIA";"BRANCO";"118"
"TURILÂNDIA";"DILMA";"6723"
"TURILÂNDIA";"EDUARDO JORGE";"5"
"TURILÂNDIA";"EYMAEL";"1"
"TURILÂNDIA";"LUCIANA GENRO";"3"
"TURILÂNDIA";"MARINA SILVA";"1037"
"TURILÂNDIA";"MAURO IASI";"3"
"TURILÂNDIA";"NULO";"639"
"TURILÂNDIA";"PASTOR EVERALDO";"38"
"TURILÂNDIA";"RUI COSTA PIMENTA";"1"
"TURILÂNDIA";"ZÉ MARIA";"4"
"TUTÓIA";"AÉCIO NEVES";"3098"
"TUTÓIA";"BRANCO";"930"
"TUTÓIA";"DILMA";"15540"
"TUTÓIA";"EDUARDO JORGE";"68"
"TUTÓIA";"EYMAEL";"6"
"TUTÓIA";"LEVY FIDELIX";"42"
"TUTÓIA";"LUCIANA GENRO";"28"
"TUTÓIA";"MARINA SILVA";"3674"
"TUTÓIA";"MAURO IASI";"10"
"TUTÓIA";"NULO";"1863"
"TUTÓIA";"PASTOR EVERALDO";"187"
"TUTÓIA";"RUI COSTA PIMENTA";"5"
"TUTÓIA";"ZÉ MARIA";"9"
"URBANO SANTOS";"AÉCIO NEVES";"497"
"URBANO SANTOS";"BRANCO";"256"
"URBANO SANTOS";"DILMA";"11487"
"URBANO SANTOS";"EDUARDO JORGE";"17"
"URBANO SANTOS";"EYMAEL";"41"
"URBANO SANTOS";"LEVY FIDELIX";"11"
"URBANO SANTOS";"LUCIANA GENRO";"20"
"URBANO SANTOS";"MARINA SILVA";"1167"
"URBANO SANTOS";"MAURO IASI";"2"
"URBANO SANTOS";"NULO";"1075"
"URBANO SANTOS";"PASTOR EVERALDO";"60"
"URBANO SANTOS";"ZÉ MARIA";"8"
"VARGEM GRANDE";"AÉCIO NEVES";"1584"
"VARGEM GRANDE";"BRANCO";"363"
"VARGEM GRANDE";"DILMA";"14807"
"VARGEM GRANDE";"EDUARDO JORGE";"16"
"VARGEM GRANDE";"EYMAEL";"8"
"VARGEM GRANDE";"LEVY FIDELIX";"14"
"VARGEM GRANDE";"LUCIANA GENRO";"23"
"VARGEM GRANDE";"MARINA SILVA";"2225"
"VARGEM GRANDE";"MAURO IASI";"9"
"VARGEM GRANDE";"NULO";"1882"
"VARGEM GRANDE";"PASTOR EVERALDO";"77"
"VARGEM GRANDE";"ZÉ MARIA";"11"
"VIANA";"AÉCIO NEVES";"1719"
"VIANA";"BRANCO";"526"
"VIANA";"DILMA";"18111"
"VIANA";"EDUARDO JORGE";"43"
"VIANA";"EYMAEL";"35"
"VIANA";"LEVY FIDELIX";"44"
"VIANA";"LUCIANA GENRO";"35"
"VIANA";"MARINA SILVA";"4068"
"VIANA";"MAURO IASI";"8"
"VIANA";"NULO";"1564"
"VIANA";"PASTOR EVERALDO";"138"
"VIANA";"ZÉ MARIA";"9"
"VILA NOVA DOS MARTÍRIOS";"AÉCIO NEVES";"935"
"VILA NOVA DOS MARTÍRIOS";"BRANCO";"73"
"VILA NOVA DOS MARTÍRIOS";"DILMA";"3087"
"VILA NOVA DOS MARTÍRIOS";"EDUARDO JORGE";"11"
"VILA NOVA DOS MARTÍRIOS";"EYMAEL";"2"
"VILA NOVA DOS MARTÍRIOS";"LEVY FIDELIX";"5"
"VILA NOVA DOS MARTÍRIOS";"LUCIANA GENRO";"7"
"VILA NOVA DOS MARTÍRIOS";"MARINA SILVA";"480"
"VILA NOVA DOS MARTÍRIOS";"NULO";"332"
"VILA NOVA DOS MARTÍRIOS";"PASTOR EVERALDO";"35"
"VILA NOVA DOS MARTÍRIOS";"ZÉ MARIA";"6"
"VITORINO FREIRE";"AÉCIO NEVES";"2128"
"VITORINO FREIRE";"BRANCO";"331"
"VITORINO FREIRE";"DILMA";"10827"
"VITORINO FREIRE";"EDUARDO JORGE";"49"
"VITORINO FREIRE";"EYMAEL";"1"
"VITORINO FREIRE";"LEVY FIDELIX";"50"
"VITORINO FREIRE";"LUCIANA GENRO";"20"
"VITORINO FREIRE";"MARINA SILVA";"1867"
"VITORINO FREIRE";"MAURO IASI";"4"
"VITORINO FREIRE";"NULO";"1362"
"VITORINO FREIRE";"PASTOR EVERALDO";"82"
"VITORINO FREIRE";"ZÉ MARIA";"9"
"VITÓRIA DO MEARIM";"AÉCIO NEVES";"1130"
"VITÓRIA DO MEARIM";"BRANCO";"502"
"VITÓRIA DO MEARIM";"DILMA";"11315"
"VITÓRIA DO MEARIM";"EDUARDO JORGE";"20"
"VITÓRIA DO MEARIM";"EYMAEL";"7"
"VITÓRIA DO MEARIM";"LEVY FIDELIX";"27"
"VITÓRIA DO MEARIM";"LUCIANA GENRO";"31"
"VITÓRIA DO MEARIM";"MARINA SILVA";"2809"
"VITÓRIA DO MEARIM";"MAURO IASI";"8"
"VITÓRIA DO MEARIM";"NULO";"1135"
"VITÓRIA DO MEARIM";"PASTOR EVERALDO";"112"
"VITÓRIA DO MEARIM";"RUI COSTA PIMENTA";"1"
"VITÓRIA DO MEARIM";"ZÉ MARIA";"9"
"ZÉ DOCA";"AÉCIO NEVES";"2166"
"ZÉ DOCA";"BRANCO";"370"
"ZÉ DOCA";"DILMA";"16384"
"ZÉ DOCA";"EDUARDO JORGE";"21"
"ZÉ DOCA";"EYMAEL";"1"
"ZÉ DOCA";"LEVY FIDELIX";"48"
"ZÉ DOCA";"LUCIANA GENRO";"41"
"ZÉ DOCA";"MARINA SILVA";"1727"
"ZÉ DOCA";"MAURO IASI";"5"
"ZÉ DOCA";"NULO";"1372"
"ZÉ DOCA";"PASTOR EVERALDO";"175"
"ZÉ DOCA";"RUI COSTA PIMENTA";"3"
"ZÉ DOCA";"ZÉ MARIA";"13"
"ÁGUA DOCE DO MARANHÃO";"AÉCIO NEVES";"463"
"ÁGUA DOCE DO MARANHÃO";"BRANCO";"218"
"ÁGUA DOCE DO MARANHÃO";"DILMA";"5161"
"ÁGUA DOCE DO MARANHÃO";"EDUARDO JORGE";"39"
"ÁGUA DOCE DO MARANHÃO";"EYMAEL";"1"
"ÁGUA DOCE DO MARANHÃO";"LEVY FIDELIX";"9"
"ÁGUA DOCE DO MARANHÃO";"LUCIANA GENRO";"4"
"ÁGUA DOCE DO MARANHÃO";"MARINA SILVA";"526"
"ÁGUA DOCE DO MARANHÃO";"MAURO IASI";"1"
"ÁGUA DOCE DO MARANHÃO";"NULO";"564"
"ÁGUA DOCE DO MARANHÃO";"PASTOR EVERALDO";"10"
"ÁGUA DOCE DO MARANHÃO";"RUI COSTA PIMENTA";"1"
"ÁGUA DOCE DO MARANHÃO";"ZÉ MARIA";"1"
